handle,caption_name,location,include_groups,location_lower,ENTITY_LABEL,name,description,source,source_identifier,global_identifier
chopraftc,US Federal Trade Commissioner Chopra,"Washington, DC",counterfeit;fraud;aml;cryptocurrency_scam;skimming;counterfeit_company;resale_hastags;resale_mentions,"washington, dc",Consulates,US Federal Trade Commissioner Chopra,,dgm_proscutor_handles,a71f751ff71277d05392d539e0b8f484,dgm_proscutor_handles__a71f751ff71277d05392d539e0b8f484
cswilsonftc,US Federal Trade Commissioner Wilson,"Washington, DC",counterfeit;fraud;aml;cryptocurrency_scam;skimming;counterfeit_company;resale_hastags;resale_mentions,"washington, dc",IndustryTerm,US Federal Trade Commissioner Wilson,,dgm_proscutor_handles,b8256d68526aa0ac434fa8158692b348,dgm_proscutor_handles__b8256d68526aa0ac434fa8158692b348
ftcphillips,US Federal Trade Commissioner Phillips,"Washington, DC",counterfeit;fraud;aml;cryptocurrency_scam;skimming;counterfeit_company;resale_hastags;resale_mentions,"washington, dc",DiplomaticFacilities,US Federal Trade Commissioner Phillips,,dgm_proscutor_handles,09fa766cece537a1398205e87897b1f5,dgm_proscutor_handles__09fa766cece537a1398205e87897b1f5
rkslaughterftc,US Federal Trade Commissioner Slaughter,"Washington, DC",counterfeit;fraud;aml;cryptocurrency_scam;skimming;counterfeit_company;resale_hastags;resale_mentions,"washington, dc",Media,US Federal Trade Commissioner Slaughter,,dgm_proscutor_handles,920d792e151665ec7321cc98e534ad58,dgm_proscutor_handles__920d792e151665ec7321cc98e534ad58
cfpbdirector,US Consumer Financial Protection Bureau Director Uejio,"Washington, DC",counterfeit;fraud;aml;cryptocurrency_scam;skimming;counterfeit_company;resale_hastags;resale_mentions,"washington, dc",Refinery,US Consumer Financial Protection Bureau Director Uejio,,dgm_proscutor_handles,357c34b7eb6efe37be5d7d3c40e7a3e2,dgm_proscutor_handles__357c34b7eb6efe37be5d7d3c40e7a3e2
jrosenworcelfcc,US Federal Communications Commission Chairwoman Rosenworcel,"Washington, DC",counterfeit;fraud;aml;cryptocurrency_scam;skimming;counterfeit_company;resale_hastags;resale_mentions,"washington, dc",CompanyKeyword,US Federal Communications Commission Chairwoman Rosenworcel,,dgm_proscutor_handles,d7f4caa6700a13ad2aee4bbd28409be4,dgm_proscutor_handles__d7f4caa6700a13ad2aee4bbd28409be4
usattorneys,US Attorneys,"Washington, DC",counterfeit;fraud;aml;cryptocurrency_scam;skimming;counterfeit_company;resale_hastags;resale_mentions,"washington, dc",ForeignMinistry,US Attorneys,,dgm_proscutor_handles,a4ab5f6be8f7db2672358b4c7035c3ca,dgm_proscutor_handles__a4ab5f6be8f7db2672358b4c7035c3ca
usattyshah,US Attorney Shah,"Austin, TX",counterfeit;fraud;aml;cryptocurrency_scam;skimming;counterfeit_company;resale_hastags;resale_mentions,"austin, tx",AAEntity,US Attorney Shah,,dgm_proscutor_handles,02e32faa953c9aab710239e96a15d93e,dgm_proscutor_handles__02e32faa953c9aab710239e96a15d93e
usattyganjei,US Attorney Ganjei,"Beaumont, TX",counterfeit;fraud;aml;cryptocurrency_scam;skimming;counterfeit_company;resale_hastags;resale_mentions,"beaumont, tx",Media,US Attorney Ganjei,,dgm_proscutor_handles,229a54a723c6935546da7f8466a736ab,dgm_proscutor_handles__229a54a723c6935546da7f8466a736ab
usattywilliams,US Attorney Williams,"Philadelphia, PA",counterfeit;fraud;aml;cryptocurrency_scam;skimming;counterfeit_company;resale_hastags;resale_mentions,"philadelphia, pa",Shipping,US Attorney Williams,,dgm_proscutor_handles,51344aba0ed494c14fb0e6209fccdf19,dgm_proscutor_handles__51344aba0ed494c14fb0e6209fccdf19
robbonta,California Attorney General Bonta,"Alameda, CA",counterfeit;fraud;aml;cryptocurrency_scam;skimming;counterfeit_company;resale_hastags;resale_mentions,"alameda, ca",Exec,California Attorney General Bonta,,dgm_proscutor_handles,de8199ac223fa108cc02a519180b11d1,dgm_proscutor_handles__de8199ac223fa108cc02a519180b11d1
pweiser,Colorado Attorney General Weiser,"Denver, CO",counterfeit;fraud;aml;cryptocurrency_scam;skimming;counterfeit_company;resale_hastags;resale_mentions,"denver, co",DiplomaticFacilities,Colorado Attorney General Weiser,,dgm_proscutor_handles,3c199baf98f76eca35929a92cadb3476,dgm_proscutor_handles__3c199baf98f76eca35929a92cadb3476
williamtongct,Connecticut Attorney General Tong,"Hartford, CT",counterfeit;fraud;aml;cryptocurrency_scam;skimming;counterfeit_company;resale_hastags;resale_mentions,"hartford, ct",Shipping,Connecticut Attorney General Tong,,dgm_proscutor_handles,34bcb5b4e5ca4389964a4dba93fbb2f3,dgm_proscutor_handles__34bcb5b4e5ca4389964a4dba93fbb2f3
agstevemarshall,Alabama Attorney General Marshall,"Montgomery, AL",counterfeit;fraud;aml;cryptocurrency_scam;skimming;counterfeit_company;resale_hastags;resale_mentions,"montgomery, al",ForeignMinister,Alabama Attorney General Marshall,,dgm_proscutor_handles,66bab07d6f5af9bbd8fa01dfeaf9c0b7,dgm_proscutor_handles__66bab07d6f5af9bbd8fa01dfeaf9c0b7
generalbrnovich,Arizona Attorney General Brnovich,"Phoenix, AZ",counterfeit;fraud;aml;cryptocurrency_scam;skimming;counterfeit_company;resale_hastags;resale_mentions,"phoenix, az",Exec,Arizona Attorney General Brnovich,,dgm_proscutor_handles,f6f6d7bfa1f084ab22b7077361dfb229,dgm_proscutor_handles__f6f6d7bfa1f084ab22b7077361dfb229
leslierutledge,Arkansas Attorney General Rutledge,"Little Rock, AR",counterfeit;fraud;aml;cryptocurrency_scam;skimming;counterfeit_company;resale_hastags;resale_mentions,"little rock, ar",CompanyKeyword,Arkansas Attorney General Rutledge,,dgm_proscutor_handles,c187719f70b96b42890bff67897b2fa5,dgm_proscutor_handles__c187719f70b96b42890bff67897b2fa5
agkarlracine,District of Columbia Attorney General Racine,"Washington, DC",counterfeit;fraud;aml;cryptocurrency_scam;skimming;counterfeit_company;resale_hastags;resale_mentions,"washington, dc",News,District of Columbia Attorney General Racine,,dgm_proscutor_handles,d4d5f32cfd2b26bbecb8107e05c468f0,dgm_proscutor_handles__d4d5f32cfd2b26bbecb8107e05c468f0
agashleymoody,Florida Attorney General Moody,"Tallahassee, FL",counterfeit;fraud;aml;cryptocurrency_scam;skimming;counterfeit_company;resale_hastags;resale_mentions,"tallahassee, fl",Pipeline,Florida Attorney General Moody,,dgm_proscutor_handles,5a1306bf8f3f6ee9ef09239cf9b1f25d,dgm_proscutor_handles__5a1306bf8f3f6ee9ef09239cf9b1f25d
chriscarr_ga,Georgia Attorney General Carr,"Atlanta, GA",counterfeit;fraud;aml;cryptocurrency_scam;skimming;counterfeit_company;resale_hastags;resale_mentions,"atlanta, ga",IndustryTerm,Georgia Attorney General Carr,,dgm_proscutor_handles,860beda56a881333ffedd515efc41e2f,dgm_proscutor_handles__860beda56a881333ffedd515efc41e2f
agleevincamacho,Guam Attorney General Camacho,"Hagatna, Guam",counterfeit;fraud;aml;cryptocurrency_scam;skimming;counterfeit_company;resale_hastags;resale_mentions,"hagatna, guam",ForeignMinistry,Guam Attorney General Camacho,,dgm_proscutor_handles,a011cb2a5db91d26baa8d39d08176ab9,dgm_proscutor_handles__a011cb2a5db91d26baa8d39d08176ab9
atghigov,Hawaii Attorney General  Connors,"Honolulu, HI",counterfeit;fraud;aml;cryptocurrency_scam;skimming;counterfeit_company;resale_hastags;resale_mentions,"honolulu, hi",ForeignMinister,Hawaii Attorney General  Connors,,dgm_proscutor_handles,2d1b4ca3e3ad774f5c3e08450b86cfba,dgm_proscutor_handles__2d1b4ca3e3ad774f5c3e08450b86cfba
lawrencewasden,Idaho Attorney General Wasden,"Boise, Idaho",counterfeit;fraud;aml;cryptocurrency_scam;skimming;counterfeit_company;resale_hastags;resale_mentions,"boise, idaho",Diplomat,Idaho Attorney General Wasden,,dgm_proscutor_handles,4c2484ea6dd79ba41c1551216a4e5faa,dgm_proscutor_handles__4c2484ea6dd79ba41c1551216a4e5faa
kwameraoul,Illinois Attorney General Raoul,"Chicago, IL",counterfeit;fraud;aml;cryptocurrency_scam;skimming;counterfeit_company;resale_hastags;resale_mentions,"chicago, il",space,Illinois Attorney General Raoul,,dgm_proscutor_handles,75ee9564c6cc1b712be7bf77a8a603ce,dgm_proscutor_handles__75ee9564c6cc1b712be7bf77a8a603ce
toddrokitain,Indiana Attorney General Rokita,"Indianapolis, IN",counterfeit;fraud;aml;cryptocurrency_scam;skimming;counterfeit_company;resale_hastags;resale_mentions,"indianapolis, in",Wells,Indiana Attorney General Rokita,,dgm_proscutor_handles,a6ed5bf88166629a91b55ad862762b6f,dgm_proscutor_handles__a6ed5bf88166629a91b55ad862762b6f
ndmsnews,US Attorney's Office for the Northern District of Mississippi,"Oxford, MS",counterfeit;fraud;aml;cryptocurrency_scam;skimming;counterfeit_company;resale_hastags;resale_mentions,"oxford, ms",Person,US Attorney's Office for the Northern District of Mississippi,,dgm_proscutor_handles,8c2a86f8582cd4d3218f812dcf951606,dgm_proscutor_handles__8c2a86f8582cd4d3218f812dcf951606
usao_gu,US Attorney's Office for the District of Guam,"Hagatna, Guam",counterfeit;fraud;aml;cryptocurrency_scam;skimming;counterfeit_company;resale_hastags;resale_mentions,"hagatna, guam",IndustryTerm,US Attorney's Office for the District of Guam,,dgm_proscutor_handles,89e89182c9071aa9db7eaf333ddf3ff0,dgm_proscutor_handles__89e89182c9071aa9db7eaf333ddf3ff0
cdcanews,US Attorney's Office for the Central District of California,"Sacramento, CA",counterfeit;fraud;aml;cryptocurrency_scam;skimming;counterfeit_company;resale_hastags;resale_mentions,"sacramento, ca",ForeignMinistry,US Attorney's Office for the Central District of California,,dgm_proscutor_handles,b2fc29d2a45c808fc1179c39255b00f4,dgm_proscutor_handles__b2fc29d2a45c808fc1179c39255b00f4
usao_ne,US Attorney's Office for the District of Nebraska,"Omaha, NE",counterfeit;fraud;aml;cryptocurrency_scam;skimming;counterfeit_company;resale_hastags;resale_mentions,"omaha, ne",Person,US Attorney's Office for the District of Nebraska,,dgm_proscutor_handles,48978acf7c84a06c79185282d01c181d,dgm_proscutor_handles__48978acf7c84a06c79185282d01c181d
usao_sdal,US Attorney's Office for the Southern District of Alabama,"Mobile, AL",counterfeit;fraud;aml;cryptocurrency_scam;skimming;counterfeit_company;resale_hastags;resale_mentions,"mobile, al",Media,US Attorney's Office for the Southern District of Alabama,,dgm_proscutor_handles,cf89620824243ae068feff73dd2c5547,dgm_proscutor_handles__cf89620824243ae068feff73dd2c5547
usao_mdtn,US Attorney's Office for the Middle District of Tennessee,"Nashville, TN",counterfeit;fraud;aml;cryptocurrency_scam;skimming;counterfeit_company;resale_hastags;resale_mentions,"nashville, tn",AAEntity,US Attorney's Office for the Middle District of Tennessee,,dgm_proscutor_handles,8dd1b9071fdca14fe9931087868b4b4b,dgm_proscutor_handles__8dd1b9071fdca14fe9931087868b4b4b
usao_edwa,US Attorney's Office for the Eastern District of Washington,"Spokane, WA",counterfeit;fraud;aml;cryptocurrency_scam;skimming;counterfeit_company;resale_hastags;resale_mentions,"spokane, wa",Organization,US Attorney's Office for the Eastern District of Washington,,dgm_proscutor_handles,2ed5698ab7e80695a8d5ac5269b614b3,dgm_proscutor_handles__2ed5698ab7e80695a8d5ac5269b614b3
usao_me,US Attorney's Office for the District of Maine,"Portland, ME",counterfeit;fraud;aml;cryptocurrency_scam;skimming;counterfeit_company;resale_hastags;resale_mentions,"portland, me",Consulates,US Attorney's Office for the District of Maine,,dgm_proscutor_handles,6de58d4d3b356cde396e5ff271321914,dgm_proscutor_handles__6de58d4d3b356cde396e5ff271321914
usao_edmo,US Attorney's Office for the Eastern District of Missouri,"St Louis, MO",counterfeit;fraud;aml;cryptocurrency_scam;skimming;counterfeit_company;resale_hastags;resale_mentions,"st louis, mo",Wells,US Attorney's Office for the Eastern District of Missouri,,dgm_proscutor_handles,634d06aae9b0adf608794dce6eea2802,dgm_proscutor_handles__634d06aae9b0adf608794dce6eea2802
usao_wdwi,US Attorney's Office for the Western District of Wisconsin,"Madison, WI",counterfeit;fraud;aml;cryptocurrency_scam;skimming;counterfeit_company;resale_hastags;resale_mentions,"madison, wi",Person,US Attorney's Office for the Western District of Wisconsin,,dgm_proscutor_handles,308a98907a000a65cecd07d7c80114c2,dgm_proscutor_handles__308a98907a000a65cecd07d7c80114c2
usao_ednc,US Attorney's Office for the Eastern District of North Carolina,"Raleigh, NC",counterfeit;fraud;aml;cryptocurrency_scam;skimming;counterfeit_company;resale_hastags;resale_mentions,"raleigh, nc",Consulates,US Attorney's Office for the Eastern District of North Carolina,,dgm_proscutor_handles,29d7c66649a6083669f0a5c06e545bb5,dgm_proscutor_handles__29d7c66649a6083669f0a5c06e545bb5
usao_mdnc,US Attorney's Office for the Middle District of North Carolina,"Greensboro, NC",counterfeit;fraud;aml;cryptocurrency_scam;skimming;counterfeit_company;resale_hastags;resale_mentions,"greensboro, nc",DiplomaticFacilities,US Attorney's Office for the Middle District of North Carolina,,dgm_proscutor_handles,6295d6a556387c75649268c00bd17620,dgm_proscutor_handles__6295d6a556387c75649268c00bd17620
usao_mdga,US Attorney's Office for the Middle District of Georgia,"Macon, GA",counterfeit;fraud;aml;cryptocurrency_scam;skimming;counterfeit_company;resale_hastags;resale_mentions,"macon, ga",Media,US Attorney's Office for the Middle District of Georgia,,dgm_proscutor_handles,71d241c62749a87cd06a561084d27023,dgm_proscutor_handles__71d241c62749a87cd06a561084d27023
usao_sc,US Attorney's Office for the District of South Carolina,"Columbia, SC",counterfeit;fraud;aml;cryptocurrency_scam;skimming;counterfeit_company;resale_hastags;resale_mentions,"columbia, sc",Exec,US Attorney's Office for the District of South Carolina,,dgm_proscutor_handles,12ec9fd871e28245f62b6d6a990ebdc3,dgm_proscutor_handles__12ec9fd871e28245f62b6d6a990ebdc3
usao_cdil,US Attorney's Office for the Central District of Illinois,"Springfield, IL",counterfeit;fraud;aml;cryptocurrency_scam;skimming;counterfeit_company;resale_hastags;resale_mentions,"springfield, il",Media,US Attorney's Office for the Central District of Illinois,,dgm_proscutor_handles,7443bc700169412b801095e1596acf50,dgm_proscutor_handles__7443bc700169412b801095e1596acf50
usao_edok,US Attorney's Office for the Eastern District of Oklahoma,"Muskogee, OK",counterfeit;fraud;aml;cryptocurrency_scam;skimming;counterfeit_company;resale_hastags;resale_mentions,"muskogee, ok",CompanyKeyword,US Attorney's Office for the Eastern District of Oklahoma,,dgm_proscutor_handles,e5581b40a2e87174ae6eef6999292560,dgm_proscutor_handles__e5581b40a2e87174ae6eef6999292560
usao_sdtx,US Attorney's Office for the Southern District of Texas,"Houston, TX",counterfeit;fraud;aml;cryptocurrency_scam;skimming;counterfeit_company;resale_hastags;resale_mentions,"houston, tx",Person,US Attorney's Office for the Southern District of Texas,,dgm_proscutor_handles,50bf6816d50a8fd67b493dee0f17ca14,dgm_proscutor_handles__50bf6816d50a8fd67b493dee0f17ca14
usao_nh,US Attorney's Office for New Hampshire,"Concord, NH",counterfeit;fraud;aml;cryptocurrency_scam;skimming;counterfeit_company;resale_hastags;resale_mentions,"concord, nh",Person,US Attorney's Office for New Hampshire,,dgm_proscutor_handles,bd38b363ec157ff10d31a0c0d8d06b24,dgm_proscutor_handles__bd38b363ec157ff10d31a0c0d8d06b24
usao_nm,US Attorney's Office for New Mexico,"Albuquerque, NM",counterfeit;fraud;aml;cryptocurrency_scam;skimming;counterfeit_company;resale_hastags;resale_mentions,"albuquerque, nm",DiplomaticFacilities,US Attorney's Office for New Mexico,,dgm_proscutor_handles,e599d519ed9db7132f01ad6007198d7d,dgm_proscutor_handles__e599d519ed9db7132f01ad6007198d7d
usao_vt,US Attorney's Office for Vermont,"Burlington, VT",counterfeit;fraud;aml;cryptocurrency_scam;skimming;counterfeit_company;resale_hastags;resale_mentions,"burlington, vt",Wells,US Attorney's Office for Vermont,,dgm_proscutor_handles,ee08f819b958666b9e8f2a3df395664a,dgm_proscutor_handles__ee08f819b958666b9e8f2a3df395664a
usao_wdok,US Attorney’s Office for Oklahoma,"Oklahoma City, OK",counterfeit;fraud;aml;cryptocurrency_scam;skimming;counterfeit_company;resale_hastags;resale_mentions,"oklahoma city, ok",ForeignMinister,US Attorney’s Office for Oklahoma,,dgm_proscutor_handles,ea52b4b092eda9b3dfdbbf7532d7011f,dgm_proscutor_handles__ea52b4b092eda9b3dfdbbf7532d7011f
usao_wdtx,US Attorney's Office for Texas,"San Antonio, TX",counterfeit;fraud;aml;cryptocurrency_scam;skimming;counterfeit_company;resale_hastags;resale_mentions,"san antonio, tx",CompanyKeyword,US Attorney's Office for Texas,,dgm_proscutor_handles,76ea1c652b586d81b2e35ca31afb7283,dgm_proscutor_handles__76ea1c652b586d81b2e35ca31afb7283
usao_edky,US Attorney's Office for Kentucky,"Lexington, KY",counterfeit;fraud;aml;cryptocurrency_scam;skimming;counterfeit_company;resale_hastags;resale_mentions,"lexington, ky",IndustryTerm,US Attorney's Office for Kentucky,,dgm_proscutor_handles,07360e933a2e772a6e3b388033ca2bb6,dgm_proscutor_handles__07360e933a2e772a6e3b388033ca2bb6
usao_pr,US Attorney's Office for Puerto Rico,"San Juan,PR",counterfeit;fraud;aml;cryptocurrency_scam;skimming;counterfeit_company;resale_hastags;resale_mentions,"san juan,pr",ForeignMinistry,US Attorney's Office for Puerto Rico,,dgm_proscutor_handles,b5141db266f1b35c1321a0ff851ec483,dgm_proscutor_handles__b5141db266f1b35c1321a0ff851ec483
usao_de,US Attorney's Office for Delaware,"Wilmington, DE",counterfeit;fraud;aml;cryptocurrency_scam;skimming;counterfeit_company;resale_hastags;resale_mentions,"wilmington, de",LegislativeCommittee,US Attorney's Office for Delaware,,dgm_proscutor_handles,25395c1e2cf3536506101ac30c132fae,dgm_proscutor_handles__25395c1e2cf3536506101ac30c132fae
usao_mdfl,US Attorney's Office for Florida,"Tampa, Florida",counterfeit;fraud;aml;cryptocurrency_scam;skimming;counterfeit_company;resale_hastags;resale_mentions,"tampa, florida",DiplomaticFacilities,US Attorney's Office for Florida,,dgm_proscutor_handles,f66538ef0223d1608eb93495db47241f,dgm_proscutor_handles__f66538ef0223d1608eb93495db47241f
usao_ndia,US Attorney's Office for Iowa,"Cedar Rapids, IA",counterfeit;fraud;aml;cryptocurrency_scam;skimming;counterfeit_company;resale_hastags;resale_mentions,"cedar rapids, ia",AAEntity,US Attorney's Office for Iowa,,dgm_proscutor_handles,be4f07f9a1e01670ee1ae03688a439ae,dgm_proscutor_handles__be4f07f9a1e01670ee1ae03688a439ae
usao_wdla,US Attorney's Office for Louisiana,"Shreveport, LA",counterfeit;fraud;aml;cryptocurrency_scam;skimming;counterfeit_company;resale_hastags;resale_mentions,"shreveport, la",Shipping,US Attorney's Office for Louisiana,,dgm_proscutor_handles,b9e3f2b3b340dd0d2fb7b3ceeb1e92a5,dgm_proscutor_handles__b9e3f2b3b340dd0d2fb7b3ceeb1e92a5
usao_vi,US Attorney's Office for Virginia,"St. Thomas, VI",counterfeit;fraud;aml;cryptocurrency_scam;skimming;counterfeit_company;resale_hastags;resale_mentions,"st. thomas, vi",Diplomat,US Attorney's Office for Virginia,,dgm_proscutor_handles,5f1d43e60d479c89f6b1e844e37f8f3b,dgm_proscutor_handles__5f1d43e60d479c89f6b1e844e37f8f3b
usao_or,US Attorney's Office for Oregon,"Salem, OR",counterfeit;fraud;aml;cryptocurrency_scam;skimming;counterfeit_company;resale_hastags;resale_mentions,"salem, or",Pipeline,US Attorney's Office for Oregon,,dgm_proscutor_handles,93fb91fa56560aa8c3dbe508f9249892,dgm_proscutor_handles__93fb91fa56560aa8c3dbe508f9249892
usao_ndin,US Attorney's Office for Indiana,"Hammond, IN",counterfeit;fraud;aml;cryptocurrency_scam;skimming;counterfeit_company;resale_hastags;resale_mentions,"hammond, in",Keyphrase,US Attorney's Office for Indiana,,dgm_proscutor_handles,272c9987759548ff423c82f9627a0efa,dgm_proscutor_handles__272c9987759548ff423c82f9627a0efa
usao_edpa,US Attorney's Office for Pennsylvania,"Philadelphia, PA",counterfeit;fraud;aml;cryptocurrency_scam;skimming;counterfeit_company;resale_hastags;resale_mentions,"philadelphia, pa",IndustryTerm,US Attorney's Office for Pennsylvania,,dgm_proscutor_handles,be76354542096e84248b86c425a6ab9b,dgm_proscutor_handles__be76354542096e84248b86c425a6ab9b
usao_mt,US Attorney's Office for Montana,"Billings, MT",counterfeit;fraud;aml;cryptocurrency_scam;skimming;counterfeit_company;resale_hastags;resale_mentions,"billings, mt",Wells,US Attorney's Office for Montana,,dgm_proscutor_handles,06268ef23ac57fae7e959b52cd53d838,dgm_proscutor_handles__06268ef23ac57fae7e959b52cd53d838
usao_nd,US Attorney's Office for North Dakota,"Fargo, ND",counterfeit;fraud;aml;cryptocurrency_scam;skimming;counterfeit_company;resale_hastags;resale_mentions,"fargo, nd",News,US Attorney's Office for North Dakota,,dgm_proscutor_handles,c9a443db9adfcc0c5b41ac5ba2dd6bac,dgm_proscutor_handles__c9a443db9adfcc0c5b41ac5ba2dd6bac
usao_ak,US Attorney's Office for Alaska,"Anchorage, AK",counterfeit;fraud;aml;cryptocurrency_scam;skimming;counterfeit_company;resale_hastags;resale_mentions,"anchorage, ak",Shipping,US Attorney's Office for Alaska,,dgm_proscutor_handles,50b2a607a21662f4aa108504f401167c,dgm_proscutor_handles__50b2a607a21662f4aa108504f401167c
usao_nv,US Attorney's Office for Nevada,"Las Vegas, Nevada",counterfeit;fraud;aml;cryptocurrency_scam;skimming;counterfeit_company;resale_hastags;resale_mentions,"las vegas, nevada",Media,US Attorney's Office for Nevada,,dgm_proscutor_handles,2b1d187e7b551ef2af27d929ace04090,dgm_proscutor_handles__2b1d187e7b551ef2af27d929ace04090
usao_wdmi,US Attorney's Office for Michigan,"Grand Rapids, MI",counterfeit;fraud;aml;cryptocurrency_scam;skimming;counterfeit_company;resale_hastags;resale_mentions,"grand rapids, mi",Pipeline,US Attorney's Office for Michigan,,dgm_proscutor_handles,48d275b631ac2129f14422a9e7e2a99b,dgm_proscutor_handles__48d275b631ac2129f14422a9e7e2a99b
usao_edtn,US Attorney's Office for Tennesse,"Knoxville, TN",counterfeit;fraud;aml;cryptocurrency_scam;skimming;counterfeit_company;resale_hastags;resale_mentions,"knoxville, tn",Refinery,US Attorney's Office for Tennesse,,dgm_proscutor_handles,4489632fb3818c7ff13c5135435ef948,dgm_proscutor_handles__4489632fb3818c7ff13c5135435ef948
usao_ndok,US Attorney's Office for Oklahoma,"Tulsa, OK",counterfeit;fraud;aml;cryptocurrency_scam;skimming;counterfeit_company;resale_hastags;resale_mentions,"tulsa, ok",Consulates,US Attorney's Office for Oklahoma,,dgm_proscutor_handles,6671625096b539356afa2d03606caa9a,dgm_proscutor_handles__6671625096b539356afa2d03606caa9a
usao_md,US Attorney's Office for Maryland,"Baltimore, MD",counterfeit;fraud;aml;cryptocurrency_scam;skimming;counterfeit_company;resale_hastags;resale_mentions,"baltimore, md",Legislator,US Attorney's Office for Maryland,,dgm_proscutor_handles,faf45f57de177c5eb094728c1401b3d0,dgm_proscutor_handles__faf45f57de177c5eb094728c1401b3d0
usao_sdia,US Attorney's Office for Iowa,"Des Moines, IA",counterfeit;fraud;aml;cryptocurrency_scam;skimming;counterfeit_company;resale_hastags;resale_mentions,"des moines, ia",AAEntity,US Attorney's Office for Iowa,,dgm_proscutor_handles,be4f07f9a1e01670ee1ae03688a439ae,dgm_proscutor_handles__be4f07f9a1e01670ee1ae03688a439ae
usao_ndca,US Attorney's Office for California,"San Francisco, CA",counterfeit;fraud;aml;cryptocurrency_scam;skimming;counterfeit_company;resale_hastags;resale_mentions,"san francisco, ca",Consulates,US Attorney's Office for California,,dgm_proscutor_handles,8bdd56e405a564c11c52c7c349213935,dgm_proscutor_handles__8bdd56e405a564c11c52c7c349213935
sdcanews,US Attorney's Office for California,"San Diego, CA",counterfeit;fraud;aml;cryptocurrency_scam;skimming;counterfeit_company;resale_hastags;resale_mentions,"san diego, ca",Diplomat,US Attorney's Office for California,,dgm_proscutor_handles,8bdd56e405a564c11c52c7c349213935,dgm_proscutor_handles__8bdd56e405a564c11c52c7c349213935
edlanews,US Attorney's Office for Louisiana,"New Orleans, LA",counterfeit;fraud;aml;cryptocurrency_scam;skimming;counterfeit_company;resale_hastags;resale_mentions,"new orleans, la",DiplomaticFacilities,US Attorney's Office for Louisiana,,dgm_proscutor_handles,b9e3f2b3b340dd0d2fb7b3ceeb1e92a5,dgm_proscutor_handles__b9e3f2b3b340dd0d2fb7b3ceeb1e92a5
usao_az,US Attorney's Office for Arizona,"Phoenix, AZ",counterfeit;fraud;aml;cryptocurrency_scam;skimming;counterfeit_company;resale_hastags;resale_mentions,"phoenix, az",Consulates,US Attorney's Office for Arizona,,dgm_proscutor_handles,7766b93324b9eb26fee6819aef5d9830,dgm_proscutor_handles__7766b93324b9eb26fee6819aef5d9830
sdflnews,US Attorney's Office for Florida,"Miami, FL",counterfeit;fraud;aml;cryptocurrency_scam;skimming;counterfeit_company;resale_hastags;resale_mentions,"miami, fl",Keyphrase,US Attorney's Office for Florida,,dgm_proscutor_handles,f66538ef0223d1608eb93495db47241f,dgm_proscutor_handles__f66538ef0223d1608eb93495db47241f
usao_hi,US Attorney's Office for Hawaii,"Honolulu, HI",counterfeit;fraud;aml;cryptocurrency_scam;skimming;counterfeit_company;resale_hastags;resale_mentions,"honolulu, hi",Exec,US Attorney's Office for Hawaii,,dgm_proscutor_handles,7d193fc64a6a629d776d8dd8e1336aa0,dgm_proscutor_handles__7d193fc64a6a629d776d8dd8e1336aa0
edwinews,US Attorney's Office for Wisconsin,"Milwaukee, WI",counterfeit;fraud;aml;cryptocurrency_scam;skimming;counterfeit_company;resale_hastags;resale_mentions,"milwaukee, wi",Person,US Attorney's Office for Wisconsin,,dgm_proscutor_handles,4e5a3d95eeadd970623c19fd77211511,dgm_proscutor_handles__4e5a3d95eeadd970623c19fd77211511
usao_ri,US Attorney's Office for Rhode Island,"Providence, RI",counterfeit;fraud;aml;cryptocurrency_scam;skimming;counterfeit_company;resale_hastags;resale_mentions,"providence, ri",ForeignMinister,US Attorney's Office for Rhode Island,,dgm_proscutor_handles,7812d9171feb8058f0ecea1abc606229,dgm_proscutor_handles__7812d9171feb8058f0ecea1abc606229
sdohnews,US Attorney's Office for Ohio,"Cincinnati, OH",counterfeit;fraud;aml;cryptocurrency_scam;skimming;counterfeit_company;resale_hastags;resale_mentions,"cincinnati, oh",LegislativeCommittee,US Attorney's Office for Ohio,,dgm_proscutor_handles,9194d380652db06fa7ce1ba53faa3243,dgm_proscutor_handles__9194d380652db06fa7ce1ba53faa3243
sdmsnews,US Attorney's Office for Mississippi,"Jackson, MS",counterfeit;fraud;aml;cryptocurrency_scam;skimming;counterfeit_company;resale_hastags;resale_mentions,"jackson, ms",Refinery,US Attorney's Office for Mississippi,,dgm_proscutor_handles,bf349ac744f033471f8e8049b6617058,dgm_proscutor_handles__bf349ac744f033471f8e8049b6617058
dsdnews1,US Attorney's Office for South Dakota,"Sioux Falls, SD",counterfeit;fraud;aml;cryptocurrency_scam;skimming;counterfeit_company;resale_hastags;resale_mentions,"sioux falls, sd",Refinery,US Attorney's Office for South Dakota,,dgm_proscutor_handles,28a4cff56771c17cf35b718a38f5c33a,dgm_proscutor_handles__28a4cff56771c17cf35b718a38f5c33a
ednynews,US Attorney's Office for New York,"Brooklyn, NY",counterfeit;fraud;aml;cryptocurrency_scam;skimming;counterfeit_company;resale_hastags;resale_mentions,"brooklyn, ny",ForeignMinistry,US Attorney's Office for New York,,dgm_proscutor_handles,054d0172497d881ec98d794e52717076,dgm_proscutor_handles__054d0172497d881ec98d794e52717076
usao_nj,US Attorney's Office for New Jersey,"Newark, NJ",counterfeit;fraud;aml;cryptocurrency_scam;skimming;counterfeit_company;resale_hastags;resale_mentions,"newark, nj",space,US Attorney's Office for New Jersey,,dgm_proscutor_handles,cd930a19b87d8b1e98b6536310187277,dgm_proscutor_handles__cd930a19b87d8b1e98b6536310187277
sdilnews,US Attorney's Office for Illinois,"Fairview Heights, IL",counterfeit;fraud;aml;cryptocurrency_scam;skimming;counterfeit_company;resale_hastags;resale_mentions,"fairview heights, il",Keyphrase,US Attorney's Office for Illinois,,dgm_proscutor_handles,5a39373549715115fff00d8b4fe0ea09,dgm_proscutor_handles__5a39373549715115fff00d8b4fe0ea09
wdtnnews,US Attorney's Office for Tennesse,"Memphis, TN",counterfeit;fraud;aml;cryptocurrency_scam;skimming;counterfeit_company;resale_hastags;resale_mentions,"memphis, tn",DiplomaticFacilities,US Attorney's Office for Tennesse,,dgm_proscutor_handles,4489632fb3818c7ff13c5135435ef948,dgm_proscutor_handles__4489632fb3818c7ff13c5135435ef948
ndflnews,US Attorney's Office for Florida,"Tallahassee, FL",counterfeit;fraud;aml;cryptocurrency_scam;skimming;counterfeit_company;resale_hastags;resale_mentions,"tallahassee, fl",ForeignMinister,US Attorney's Office for Florida,,dgm_proscutor_handles,f66538ef0223d1608eb93495db47241f,dgm_proscutor_handles__f66538ef0223d1608eb93495db47241f
wdkynews,US Attorney's Office for Kentucky,"Louisville, KY",counterfeit;fraud;aml;cryptocurrency_scam;skimming;counterfeit_company;resale_hastags;resale_mentions,"louisville, ky",Media,US Attorney's Office for Kentucky,,dgm_proscutor_handles,07360e933a2e772a6e3b388033ca2bb6,dgm_proscutor_handles__07360e933a2e772a6e3b388033ca2bb6
wdpanews,US Attorney's Office for Pennsylvania,"Pittsburgh, PA",counterfeit;fraud;aml;cryptocurrency_scam;skimming;counterfeit_company;resale_hastags;resale_mentions,"pittsburgh, pa",DiplomaticFacilities,US Attorney's Office for Pennsylvania,,dgm_proscutor_handles,be76354542096e84248b86c425a6ab9b,dgm_proscutor_handles__be76354542096e84248b86c425a6ab9b
usao_kansas,US Attorney's Office for Kansas,"Topeka, KS",counterfeit;fraud;aml;cryptocurrency_scam;skimming;counterfeit_company;resale_hastags;resale_mentions,"topeka, ks",ForeignMinister,US Attorney's Office for Kansas,,dgm_proscutor_handles,d004506adaf239c0895986a648ca9c46,dgm_proscutor_handles__d004506adaf239c0895986a648ca9c46
edarnews,US Attorney's Office for Arkansas,"Little Rock, AK",counterfeit;fraud;aml;cryptocurrency_scam;skimming;counterfeit_company;resale_hastags;resale_mentions,"little rock, ak",Exec,US Attorney's Office for Arkansas,,dgm_proscutor_handles,b8d60d423db8150139790a7f67434724,dgm_proscutor_handles__b8d60d423db8150139790a7f67434724
usao_edtx,US Attorney's Office for Texas,"Beaumont, TX",counterfeit;fraud;aml;cryptocurrency_scam;skimming;counterfeit_company;resale_hastags;resale_mentions,"beaumont, tx",Legislator,US Attorney's Office for Texas,,dgm_proscutor_handles,76ea1c652b586d81b2e35ca31afb7283,dgm_proscutor_handles__76ea1c652b586d81b2e35ca31afb7283
ndtxnews,US Attorney's Office for Texas,"Dallas, TX",counterfeit;fraud;aml;cryptocurrency_scam;skimming;counterfeit_company;resale_hastags;resale_mentions,"dallas, tx",Refinery,US Attorney's Office for Texas,,dgm_proscutor_handles,76ea1c652b586d81b2e35ca31afb7283,dgm_proscutor_handles__76ea1c652b586d81b2e35ca31afb7283
mdpanews,US Attorney's Office for Pennsylvania,"Columbia, PA",counterfeit;fraud;aml;cryptocurrency_scam;skimming;counterfeit_company;resale_hastags;resale_mentions,"columbia, pa",Person,US Attorney's Office for Pennsylvania,,dgm_proscutor_handles,be76354542096e84248b86c425a6ab9b,dgm_proscutor_handles__be76354542096e84248b86c425a6ab9b
dmnnews,US Attorney's Office for Maine,"Saint Paul, MN",counterfeit;fraud;aml;cryptocurrency_scam;skimming;counterfeit_company;resale_hastags;resale_mentions,"saint paul, mn",Media,US Attorney's Office for Maine,,dgm_proscutor_handles,bbe073dc17acca25872ce3ce8e120a9f,dgm_proscutor_handles__bbe073dc17acca25872ce3ce8e120a9f
dmanews1,US Attorney's Office for Massachusetts,"Boston, MA",counterfeit;fraud;aml;cryptocurrency_scam;skimming;counterfeit_company;resale_hastags;resale_mentions,"boston, ma",AAEntity,US Attorney's Office for Massachusetts,,dgm_proscutor_handles,3e1dc53695f8136aef0ff71fced840a0,dgm_proscutor_handles__3e1dc53695f8136aef0ff71fced840a0
mdlanews,US Attorney's Office for Louisiana,"Baton Rouge, Louisiana",counterfeit;fraud;aml;cryptocurrency_scam;skimming;counterfeit_company;resale_hastags;resale_mentions,"baton rouge, louisiana",Pipeline,US Attorney's Office for Louisiana,,dgm_proscutor_handles,b9e3f2b3b340dd0d2fb7b3ceeb1e92a5,dgm_proscutor_handles__b9e3f2b3b340dd0d2fb7b3ceeb1e92a5
sdinnews,US Attorney's Office for Indiana,"Indianapolis, IN",counterfeit;fraud;aml;cryptocurrency_scam;skimming;counterfeit_company;resale_hastags;resale_mentions,"indianapolis, in",Wells,US Attorney's Office for Indiana,,dgm_proscutor_handles,272c9987759548ff423c82f9627a0efa,dgm_proscutor_handles__272c9987759548ff423c82f9627a0efa
didnews,US Attorney’s Office for Idaho,"Boise, ID",counterfeit;fraud;aml;cryptocurrency_scam;skimming;counterfeit_company;resale_hastags;resale_mentions,"boise, id",CompanyKeyword,US Attorney’s Office for Idaho,,dgm_proscutor_handles,9503ff52048608e2bcd1fa22060ee9ab,dgm_proscutor_handles__9503ff52048608e2bcd1fa22060ee9ab
sdganews,US Attorney’s Office for Georgia,"Savannah, GA",counterfeit;fraud;aml;cryptocurrency_scam;skimming;counterfeit_company;resale_hastags;resale_mentions,"savannah, ga",Person,US Attorney’s Office for Georgia,,dgm_proscutor_handles,102a58e76625b6f03c0d26cf9f054804,dgm_proscutor_handles__102a58e76625b6f03c0d26cf9f054804
ndganews,US Attorney’s Office for Georgia,"Atlanta, GA",counterfeit;fraud;aml;cryptocurrency_scam;skimming;counterfeit_company;resale_hastags;resale_mentions,"atlanta, ga",ForeignMinistry,US Attorney’s Office for Georgia,,dgm_proscutor_handles,102a58e76625b6f03c0d26cf9f054804,dgm_proscutor_handles__102a58e76625b6f03c0d26cf9f054804
usao_dc,US Attorney’s Office for DC,"Washington, DC",counterfeit;fraud;aml;cryptocurrency_scam;skimming;counterfeit_company;resale_hastags;resale_mentions,"washington, dc",Keyphrase,US Attorney’s Office for DC,,dgm_proscutor_handles,2cec8781dc1bd04d476b489231a15048,dgm_proscutor_handles__2cec8781dc1bd04d476b489231a15048
usao_ct,US Attorney’s Office for Connecticut,"New Haven, CT",counterfeit;fraud;aml;cryptocurrency_scam;skimming;counterfeit_company;resale_hastags;resale_mentions,"new haven, ct",Shipping,US Attorney’s Office for Connecticut,,dgm_proscutor_handles,c5b4e82715358a2cf3263154c245e595,dgm_proscutor_handles__c5b4e82715358a2cf3263154c245e595
sdnynews,US Attorney’s Office for New York,"New York, NY",counterfeit;fraud;aml;cryptocurrency_scam;skimming;counterfeit_company;resale_hastags;resale_mentions,"new york, ny",ForeignMinistry,US Attorney’s Office for New York,,dgm_proscutor_handles,f698636f5464b5e89641661f90f335d0,dgm_proscutor_handles__f698636f5464b5e89641661f90f335d0
wdnynews,US Attorney’s Office for New York,"New York, NY",counterfeit;fraud;aml;cryptocurrency_scam;skimming;counterfeit_company;resale_hastags;resale_mentions,"new york, ny",DiplomaticFacilities,US Attorney’s Office for New York,,dgm_proscutor_handles,f698636f5464b5e89641661f90f335d0,dgm_proscutor_handles__f698636f5464b5e89641661f90f335d0
usao_wdnc,US Attorney’s Office for North Carolina,"Raleigh, NC",counterfeit;fraud;aml;cryptocurrency_scam;skimming;counterfeit_company;resale_hastags;resale_mentions,"raleigh, nc",LegislativeCommittee,US Attorney’s Office for North Carolina,,dgm_proscutor_handles,b216582d8168e3397c798a1eb5d8e9b2,dgm_proscutor_handles__b216582d8168e3397c798a1eb5d8e9b2
ndohnews,US Attorney’s Office for Ohio,"Cleveland, OH",counterfeit;fraud;aml;cryptocurrency_scam;skimming;counterfeit_company;resale_hastags;resale_mentions,"cleveland, oh",FTO,US Attorney’s Office for Ohio,,dgm_proscutor_handles,96f8db7a65494d481902aea41e44b4e0,dgm_proscutor_handles__96f8db7a65494d481902aea41e44b4e0
wdvanews,US Attorney’s Office for Virginia,"Richmond, VA",counterfeit;fraud;aml;cryptocurrency_scam;skimming;counterfeit_company;resale_hastags;resale_mentions,"richmond, va",LegislativeCommittee,US Attorney’s Office for Virginia,,dgm_proscutor_handles,cb96fe92f530a7f1b75e2aa1a9488303,dgm_proscutor_handles__cb96fe92f530a7f1b75e2aa1a9488303
wdwanews,US Attorney’s Office for DC,"Washington, DC",counterfeit;fraud;aml;cryptocurrency_scam;skimming;counterfeit_company;resale_hastags;resale_mentions,"washington, dc",Keyphrase,US Attorney’s Office for DC,,dgm_proscutor_handles,2cec8781dc1bd04d476b489231a15048,dgm_proscutor_handles__2cec8781dc1bd04d476b489231a15048
ndwvnews,US Attorney’s Office for DC,"Washington, DC",counterfeit;fraud;aml;cryptocurrency_scam;skimming;counterfeit_company;resale_hastags;resale_mentions,"washington, dc",space,US Attorney’s Office for DC,,dgm_proscutor_handles,2cec8781dc1bd04d476b489231a15048,dgm_proscutor_handles__2cec8781dc1bd04d476b489231a15048
sdwvnews,US Attorney’s Office for Virginia,"Richmond, VA",counterfeit;fraud;aml;cryptocurrency_scam;skimming;counterfeit_company;resale_hastags;resale_mentions,"richmond, va",Media,US Attorney’s Office for Virginia,,dgm_proscutor_handles,cb96fe92f530a7f1b75e2aa1a9488303,dgm_proscutor_handles__cb96fe92f530a7f1b75e2aa1a9488303
edcanews,US Attorney’s Office for California,"Los Angeles, CA",counterfeit;fraud;aml;cryptocurrency_scam;skimming;counterfeit_company;resale_hastags;resale_mentions,"los angeles, ca",News,US Attorney’s Office for California,,dgm_proscutor_handles,82ce7509562cd22d889b2ef35f8bfa3a,dgm_proscutor_handles__82ce7509562cd22d889b2ef35f8bfa3a
ndalnews,US Attorney’s Office for Alabama,"Montgommery, AL",counterfeit;fraud;aml;cryptocurrency_scam;skimming;counterfeit_company;resale_hastags;resale_mentions,"montgommery, al",CompanyKeyword,US Attorney’s Office for Alabama,,dgm_proscutor_handles,96d7c877b4291f493f757a0f575071a6,dgm_proscutor_handles__96d7c877b4291f493f757a0f575071a6
dutnews,US Attorney’s Office for Utah,"Salt Lake City, UT",counterfeit;fraud;aml;cryptocurrency_scam;skimming;counterfeit_company;resale_hastags;resale_mentions,"salt lake city, ut",Legislator,US Attorney’s Office for Utah,,dgm_proscutor_handles,d3c51fd4cb27bd5b27fdcf23f8058771,dgm_proscutor_handles__d3c51fd4cb27bd5b27fdcf23f8058771
usao_mie,US Attorney’s Office for Michigan,"Detroit, MI",counterfeit;fraud;aml;cryptocurrency_scam;skimming;counterfeit_company;resale_hastags;resale_mentions,"detroit, mi",AAEntity,US Attorney’s Office for Michigan,,dgm_proscutor_handles,e07645303fc4b5c015dbe455a5467fb8,dgm_proscutor_handles__e07645303fc4b5c015dbe455a5467fb8
usao_wdmo,US Attorney’s Office for Montana,"Jefferson City, MO",counterfeit;fraud;aml;cryptocurrency_scam;skimming;counterfeit_company;resale_hastags;resale_mentions,"jefferson city, mo",CompanyKeyword,US Attorney’s Office for Montana,,dgm_proscutor_handles,68c144677eb54d7bae4c89b96ea73660,dgm_proscutor_handles__68c144677eb54d7bae4c89b96ea73660
edvanews,US Attorney’s Office for Virginia,"Richmond, VA",counterfeit;fraud;aml;cryptocurrency_scam;skimming;counterfeit_company;resale_hastags;resale_mentions,"richmond, va",AAEntity,US Attorney’s Office for Virginia,,dgm_proscutor_handles,cb96fe92f530a7f1b75e2aa1a9488303,dgm_proscutor_handles__cb96fe92f530a7f1b75e2aa1a9488303
ndilnews,US Attorney’s Office for Illinois,"Chicago, IL",counterfeit;fraud;aml;cryptocurrency_scam;skimming;counterfeit_company;resale_hastags;resale_mentions,"chicago, il",Pipeline,US Attorney’s Office for Illinois,,dgm_proscutor_handles,7584e9686da9342e75609d9cc9af1871,dgm_proscutor_handles__7584e9686da9342e75609d9cc9af1871
dconews,US Attorney’s Office for Colorado,"Denver, CO",counterfeit;fraud;aml;cryptocurrency_scam;skimming;counterfeit_company;resale_hastags;resale_mentions,"denver, co",Consulates,US Attorney’s Office for Colorado,,dgm_proscutor_handles,54b4f7fb614a5b16669edad007f29854,dgm_proscutor_handles__54b4f7fb614a5b16669edad007f29854
kyoag,Kentucky Attorney General Cameron,"Frankfort, KY",counterfeit;fraud;aml;cryptocurrency_scam;skimming;counterfeit_company;resale_hastags;resale_mentions,"frankfort, ky",Person,Kentucky Attorney General Cameron,,dgm_proscutor_handles,124adc12bbbc6040db95c7df0ae6ede2,dgm_proscutor_handles__124adc12bbbc6040db95c7df0ae6ede2
agwilliamtong,Connecticut Attorney General Tong,"Hartford, CT",counterfeit;fraud;aml;cryptocurrency_scam;skimming;counterfeit_company;resale_hastags;resale_mentions,"hartford, ct",CompanyKeyword,Connecticut Attorney General Tong,,dgm_proscutor_handles,34bcb5b4e5ca4389964a4dba93fbb2f3,dgm_proscutor_handles__34bcb5b4e5ca4389964a4dba93fbb2f3
ohioag,Ohio Attorney General Yost,"Columbus, OH",counterfeit;fraud;aml;cryptocurrency_scam;skimming;counterfeit_company;resale_hastags;resale_mentions,"columbus, oh",Organization,Ohio Attorney General Yost,,dgm_proscutor_handles,8e2d8678660adcce3f6fa90e99325350,dgm_proscutor_handles__8e2d8678660adcce3f6fa90e99325350
oagguam,Office of the Attorney General of Guam,"Hagatna, Guam",counterfeit;fraud;aml;cryptocurrency_scam;skimming;counterfeit_company;resale_hastags;resale_mentions,"hagatna, guam",Refinery,Office of the Attorney General of Guam,,dgm_proscutor_handles,dc3a1545d74168a3b812aae343f83723,dgm_proscutor_handles__dc3a1545d74168a3b812aae343f83723
agneronha,Rhode Island Attorney General Neronha,"Providence, RI",counterfeit;fraud;aml;cryptocurrency_scam;skimming;counterfeit_company;resale_hastags;resale_mentions,"providence, ri",Keyphrase,Rhode Island Attorney General Neronha,,dgm_proscutor_handles,0e3bc76261496e87b90da648d730dc36,dgm_proscutor_handles__0e3bc76261496e87b90da648d730dc36
nh_doj,US Attonrey's Office for New Hampshire,"Concord, NH",counterfeit;fraud;aml;cryptocurrency_scam;skimming;counterfeit_company;resale_hastags;resale_mentions,"concord, nh",Media,US Attonrey's Office for New Hampshire,,dgm_proscutor_handles,77a2c1f76a82b6ee2fba9efb11360683,dgm_proscutor_handles__77a2c1f76a82b6ee2fba9efb11360683
newjerseyoag,New Jersey Attorney General Bruck,"Trenton, NJ",counterfeit;fraud;aml;cryptocurrency_scam;skimming;counterfeit_company;resale_hastags;resale_mentions,"trenton, nj",space,New Jersey Attorney General Bruck,,dgm_proscutor_handles,ad63f34e3d9e4e74231519e231fb8c88,dgm_proscutor_handles__ad63f34e3d9e4e74231519e231fb8c88
curtishill_in,Former Indiana Attorney General Hill,"Indianapolis, IN",counterfeit;fraud;aml;cryptocurrency_scam;skimming;counterfeit_company;resale_hastags;resale_mentions,"indianapolis, in",space,Former Indiana Attorney General Hill,,dgm_proscutor_handles,8810faa26fadaa7d04f27960be470978,dgm_proscutor_handles__8810faa26fadaa7d04f27960be470978
justicia_pr,Puerto Rico Department of Justice,"San Juan, Puerto Rico",counterfeit;fraud;aml;cryptocurrency_scam;skimming;counterfeit_company;resale_hastags;resale_mentions,"san juan, puerto rico",FTO,Puerto Rico Department of Justice,,dgm_proscutor_handles,79d23a853130346c0080c1a3f91d522f,dgm_proscutor_handles__79d23a853130346c0080c1a3f91d522f
miattygen,Michigan Attorney General Nessel,"Lansing, MI",counterfeit;fraud;aml;cryptocurrency_scam;skimming;counterfeit_company;resale_hastags;resale_mentions,"lansing, mi",space,Michigan Attorney General Nessel,,dgm_proscutor_handles,a4d9e3b40b9db4bd86fe316334a40b85,dgm_proscutor_handles__a4d9e3b40b9db4bd86fe316334a40b85
agrutledge,Arkansas Attorney General Rutledge,"Little Rock, Arkansas",counterfeit;fraud;aml;cryptocurrency_scam;skimming;counterfeit_company;resale_hastags;resale_mentions,"little rock, arkansas",DiplomaticFacilities,Arkansas Attorney General Rutledge,,dgm_proscutor_handles,c187719f70b96b42890bff67897b2fa5,dgm_proscutor_handles__c187719f70b96b42890bff67897b2fa5
agdougpeterson,Nebraska Attorney General Peterson,"Lincoln, NE",counterfeit;fraud;aml;cryptocurrency_scam;skimming;counterfeit_company;resale_hastags;resale_mentions,"lincoln, ne",Legislator,Nebraska Attorney General Peterson,,dgm_proscutor_handles,34d03c04056368fb2238842dab6f02d0,dgm_proscutor_handles__34d03c04056368fb2238842dab6f02d0
utahag,US Attorney’s Office for Utah,"Salt Lake City, UT",counterfeit;fraud;aml;cryptocurrency_scam;skimming;counterfeit_company;resale_hastags;resale_mentions,"salt lake city, ut",Consulates,US Attorney’s Office for Utah,,dgm_proscutor_handles,d3c51fd4cb27bd5b27fdcf23f8058771,dgm_proscutor_handles__d3c51fd4cb27bd5b27fdcf23f8058771
agmarkherring,Virginia Attorney General Herring,"Richmond, VA",counterfeit;fraud;aml;cryptocurrency_scam;skimming;counterfeit_company;resale_hastags;resale_mentions,"richmond, va",Person,Virginia Attorney General Herring,,dgm_proscutor_handles,f810cbde6e09dbf3b873f8521ddf4811,dgm_proscutor_handles__f810cbde6e09dbf3b873f8521ddf4811
maura_healey,Massachusetts Attorney General Healey,"Charlestown, MA",counterfeit;fraud;aml;cryptocurrency_scam;skimming;counterfeit_company;resale_hastags;resale_mentions,"charlestown, ma",Legislator,Massachusetts Attorney General Healey,,dgm_proscutor_handles,047691f14e2156193da683b1eacca3eb,dgm_proscutor_handles__047691f14e2156193da683b1eacca3eb
agericschmitt,Missouri Attorney General Schmitt,"Jefferson City, MO",counterfeit;fraud;aml;cryptocurrency_scam;skimming;counterfeit_company;resale_hastags;resale_mentions,"jefferson city, mo",Organization,Missouri Attorney General Schmitt,,dgm_proscutor_handles,00d1e06457a1fc55a25031a4a4882422,dgm_proscutor_handles__00d1e06457a1fc55a25031a4a4882422
natlassnattysgn,National Association of Attorneys General,"Washington, DC",counterfeit;fraud;aml;cryptocurrency_scam;skimming;counterfeit_company;resale_hastags;resale_mentions,"washington, dc",Keyphrase,National Association of Attorneys General,,dgm_proscutor_handles,6f4c93eb10d7a48d2439467269fb30ff,dgm_proscutor_handles__6f4c93eb10d7a48d2439467269fb30ff
de_doj,Delaware Attorney General Jennings,"Wilmington, DE",counterfeit;fraud;aml;cryptocurrency_scam;skimming;counterfeit_company;resale_hastags;resale_mentions,"wilmington, de",ForeignMinistry,Delaware Attorney General Jennings,,dgm_proscutor_handles,b14c0dc7d19b1339d266ac1803072e9d,dgm_proscutor_handles__b14c0dc7d19b1339d266ac1803072e9d
westvirginiaag,US Attorney's office for West Virginia,"Charleston, WV",counterfeit;fraud;aml;cryptocurrency_scam;skimming;counterfeit_company;resale_hastags;resale_mentions,"charleston, wv",Shipping,US Attorney's office for West Virginia,,dgm_proscutor_handles,5541b13bbf702ba14f912d1107931618,dgm_proscutor_handles__5541b13bbf702ba14f912d1107931618
agtimfox,Former Montana Attorney General Fox,"Helena, MT",counterfeit;fraud;aml;cryptocurrency_scam;skimming;counterfeit_company;resale_hastags;resale_mentions,"helena, mt",space,Former Montana Attorney General Fox,,dgm_proscutor_handles,60cabc01c75e9edde60764890508d11a,dgm_proscutor_handles__60cabc01c75e9edde60764890508d11a
coattnygeneral,Colorado Attorney General Weiser,"Denver, CO",counterfeit;fraud;aml;cryptocurrency_scam;skimming;counterfeit_company;resale_hastags;resale_mentions,"denver, co",Exec,Colorado Attorney General Weiser,,dgm_proscutor_handles,3c199baf98f76eca35929a92cadb3476,dgm_proscutor_handles__3c199baf98f76eca35929a92cadb3476
ordoj,Oregon Attorney General Rosenblum,"Salem, OR",counterfeit;fraud;aml;cryptocurrency_scam;skimming;counterfeit_company;resale_hastags;resale_mentions,"salem, or",CompanyKeyword,Oregon Attorney General Rosenblum,,dgm_proscutor_handles,76f398e401353577a6dad3ec624f4f08,dgm_proscutor_handles__76f398e401353577a6dad3ec624f4f08
nevadaag,Nevada Attorney General Ford,"Las Vegas, NV",counterfeit;fraud;aml;cryptocurrency_scam;skimming;counterfeit_company;resale_hastags;resale_mentions,"las vegas, nv",Keyphrase,Nevada Attorney General Ford,,dgm_proscutor_handles,bc0ac7f7d32d7ddb867512c275e487d3,dgm_proscutor_handles__bc0ac7f7d32d7ddb867512c275e487d3
brianfrosh,Maryland Attorney General Frosh,"Baltimore, MD",counterfeit;fraud;aml;cryptocurrency_scam;skimming;counterfeit_company;resale_hastags;resale_mentions,"baltimore, md",Legislator,Maryland Attorney General Frosh,,dgm_proscutor_handles,38981394709f9303ce4f96b7cb09731a,dgm_proscutor_handles__38981394709f9303ce4f96b7cb09731a
sdattorneygen,South Dakota Attorney General Ravnsborg,"Pierre, SD",counterfeit;fraud;aml;cryptocurrency_scam;skimming;counterfeit_company;resale_hastags;resale_mentions,"pierre, sd",Person,South Dakota Attorney General Ravnsborg,,dgm_proscutor_handles,417cad201027a3d6e57d2729565ee68a,dgm_proscutor_handles__417cad201027a3d6e57d2729565ee68a
newmexicooag,New Mexico Attorney General Balderas,"Santa Fe, NM",counterfeit;fraud;aml;cryptocurrency_scam;skimming;counterfeit_company;resale_hastags;resale_mentions,"santa fe, nm",Shipping,New Mexico Attorney General Balderas,,dgm_proscutor_handles,dbf1a8312adaf3f2cd66da1c34ae3570,dgm_proscutor_handles__dbf1a8312adaf3f2cd66da1c34ae3570
joshstein_,North Carolina Attorney General Stein,"Raleigh, NC",counterfeit;fraud;aml;cryptocurrency_scam;skimming;counterfeit_company;resale_hastags;resale_mentions,"raleigh, nc",Person,North Carolina Attorney General Stein,,dgm_proscutor_handles,419a4f1e441168a5cfa3824d7dca7cbb,dgm_proscutor_handles__419a4f1e441168a5cfa3824d7dca7cbb
wisdoj,Wisconsin Attorney General Kaul,"Madison, WI",counterfeit;fraud;aml;cryptocurrency_scam;skimming;counterfeit_company;resale_hastags;resale_mentions,"madison, wi",Organization,Wisconsin Attorney General Kaul,,dgm_proscutor_handles,687bb23456919dba1adcf70feba219a5,dgm_proscutor_handles__687bb23456919dba1adcf70feba219a5
ksagoffice,Kansas Attorney General Schmidt,"Topeka, KS",counterfeit;fraud;aml;cryptocurrency_scam;skimming;counterfeit_company;resale_hastags;resale_mentions,"topeka, ks",CompanyKeyword,Kansas Attorney General Schmidt,,dgm_proscutor_handles,34eaf9434b15eadaba1ac3c046a517c7,dgm_proscutor_handles__34eaf9434b15eadaba1ac3c046a517c7
tnattygen,Tennessee Attorney General Slatery,"Nashville, TN",counterfeit;fraud;aml;cryptocurrency_scam;skimming;counterfeit_company;resale_hastags;resale_mentions,"nashville, tn",Media,Tennessee Attorney General Slatery,,dgm_proscutor_handles,6b05fce5a28d3590a4aa36901b5513c6,dgm_proscutor_handles__6b05fce5a28d3590a4aa36901b5513c6
agalanwilson,South Carolina Attorney General Wilson,"Columbia, SC",counterfeit;fraud;aml;cryptocurrency_scam;skimming;counterfeit_company;resale_hastags;resale_mentions,"columbia, sc",Pipeline,South Carolina Attorney General Wilson,,dgm_proscutor_handles,e083151f49c6c0bbad1a7d61e34b1c94,dgm_proscutor_handles__e083151f49c6c0bbad1a7d61e34b1c94
lynnfitchag,Mississippi Attorney General Fitch,"Jackson, MS",counterfeit;fraud;aml;cryptocurrency_scam;skimming;counterfeit_company;resale_hastags;resale_mentions,"jackson, ms",Organization,Mississippi Attorney General Fitch,,dgm_proscutor_handles,3450d7aca2a14f21a3853276a5aa8885,dgm_proscutor_handles__3450d7aca2a14f21a3853276a5aa8885
jefflandry,Louisiana Attorney General Landry,"Acadiana, LA",counterfeit;fraud;aml;cryptocurrency_scam;skimming;counterfeit_company;resale_hastags;resale_mentions,"acadiana, la",Shipping,Louisiana Attorney General Landry,,dgm_proscutor_handles,a98a74655d5b1eafd4bcde54c17dce56,dgm_proscutor_handles__a98a74655d5b1eafd4bcde54c17dce56
georgia_ag,Georgia Attorney General Carr,"Atlanta, GA",counterfeit;fraud;aml;cryptocurrency_scam;skimming;counterfeit_company;resale_hastags;resale_mentions,"atlanta, ga",Pipeline,Georgia Attorney General Carr,,dgm_proscutor_handles,860beda56a881333ffedd515efc41e2f,dgm_proscutor_handles__860beda56a881333ffedd515efc41e2f
agjefflandry,Louisiana Attorney General Landry,"Baton Rouge, LA",counterfeit;fraud;aml;cryptocurrency_scam;skimming;counterfeit_company;resale_hastags;resale_mentions,"baton rouge, la",Media,Louisiana Attorney General Landry,,dgm_proscutor_handles,a98a74655d5b1eafd4bcde54c17dce56,dgm_proscutor_handles__a98a74655d5b1eafd4bcde54c17dce56
agiowa,Iowa Attorney General Miller,"Des Moines, IA",counterfeit;fraud;aml;cryptocurrency_scam;skimming;counterfeit_company;resale_hastags;resale_mentions,"des moines, ia",LegislativeCommittee,Iowa Attorney General Miller,,dgm_proscutor_handles,2ff6c5f32e42149acbd1f5acccf625f7,dgm_proscutor_handles__2ff6c5f32e42149acbd1f5acccf625f7
agbecerra,Former California Attorney General Becerra,"Sacramento, CA",counterfeit;fraud;aml;cryptocurrency_scam;skimming;counterfeit_company;resale_hastags;resale_mentions,"sacramento, ca",Shipping,Former California Attorney General Becerra,,dgm_proscutor_handles,017ed8874abc8f73e72c4e7569bf9ebb,dgm_proscutor_handles__017ed8874abc8f73e72c4e7569bf9ebb
newyorkstateag,New York Attorney General James,"New York, NY",counterfeit;fraud;aml;cryptocurrency_scam;skimming;counterfeit_company;resale_hastags;resale_mentions,"new york, ny",Organization,New York Attorney General James,,dgm_proscutor_handles,827ab88e11a4f0bea2331dd50a69b845,dgm_proscutor_handles__827ab88e11a4f0bea2331dd50a69b845
vtattorneygen,Vermont Attorney General Donovan,"Montpelier, VT",counterfeit;fraud;aml;cryptocurrency_scam;skimming;counterfeit_company;resale_hastags;resale_mentions,"montpelier, vt",Consulates,Vermont Attorney General Donovan,,dgm_proscutor_handles,bb0e69e468c0b891ab784cf4d29aa9bc,dgm_proscutor_handles__bb0e69e468c0b891ab784cf4d29aa9bc
ilattygeneral,Illinois Attorney General Raoul,"Springfield, IL",counterfeit;fraud;aml;cryptocurrency_scam;skimming;counterfeit_company;resale_hastags;resale_mentions,"springfield, il",Refinery,Illinois Attorney General Raoul,,dgm_proscutor_handles,75ee9564c6cc1b712be7bf77a8a603ce,dgm_proscutor_handles__75ee9564c6cc1b712be7bf77a8a603ce
agmikehunter,Former Oklahoma Attorney General Hunter,"Oklahoma City, OK",counterfeit;fraud;aml;cryptocurrency_scam;skimming;counterfeit_company;resale_hastags;resale_mentions,"oklahoma city, ok",Person,Former Oklahoma Attorney General Hunter,,dgm_proscutor_handles,21d0b63f94abc58557d335ea8cfeafe1,dgm_proscutor_handles__21d0b63f94abc58557d335ea8cfeafe1
ncago,North Carolina Attorney General Stein,"Raleigh, NC",counterfeit;fraud;aml;cryptocurrency_scam;skimming;counterfeit_company;resale_hastags;resale_mentions,"raleigh, nc",Exec,North Carolina Attorney General Stein,,dgm_proscutor_handles,419a4f1e441168a5cfa3824d7dca7cbb,dgm_proscutor_handles__419a4f1e441168a5cfa3824d7dca7cbb
paattorneygen,Pennsylvania Attorney General Shapiro,"Harrisburg, PA",counterfeit;fraud;aml;cryptocurrency_scam;skimming;counterfeit_company;resale_hastags;resale_mentions,"harrisburg, pa",AAEntity,Pennsylvania Attorney General Shapiro,,dgm_proscutor_handles,599cc2988a5540b71d08bfc399e795a6,dgm_proscutor_handles__599cc2988a5540b71d08bfc399e795a6
hectorbalderas,New Mexico Attorney General Balderas,"Albuquerque, NM",counterfeit;fraud;aml;cryptocurrency_scam;skimming;counterfeit_company;resale_hastags;resale_mentions,"albuquerque, nm",LegislativeCommittee,New Mexico Attorney General Balderas,,dgm_proscutor_handles,dbf1a8312adaf3f2cd66da1c34ae3570,dgm_proscutor_handles__dbf1a8312adaf3f2cd66da1c34ae3570
mississippiago,Former Mississippi Attorney General Hood,"Jackson, MS",counterfeit;fraud;aml;cryptocurrency_scam;skimming;counterfeit_company;resale_hastags;resale_mentions,"jackson, ms",News,Former Mississippi Attorney General Hood,,dgm_proscutor_handles,d5fdcc72264d4d37d09b308e66cb45d2,dgm_proscutor_handles__d5fdcc72264d4d37d09b308e66cb45d2
joshshapiropa,Pennsylvania Attorney General Shapiro,"Harrisburg, PA",counterfeit;fraud;aml;cryptocurrency_scam;skimming;counterfeit_company;resale_hastags;resale_mentions,"harrisburg, pa",Media,Pennsylvania Attorney General Shapiro,,dgm_proscutor_handles,599cc2988a5540b71d08bfc399e795a6,dgm_proscutor_handles__599cc2988a5540b71d08bfc399e795a6
agcurtishill,Former Indiana Attorney General Hill,"Indianapolis, IN",counterfeit;fraud;aml;cryptocurrency_scam;skimming;counterfeit_company;resale_hastags;resale_mentions,"indianapolis, in",Shipping,Former Indiana Attorney General Hill,,dgm_proscutor_handles,8810faa26fadaa7d04f27960be470978,dgm_proscutor_handles__8810faa26fadaa7d04f27960be470978
massago,Massachusetts Attorney General Healey,"Boston, MA",counterfeit;fraud;aml;cryptocurrency_scam;skimming;counterfeit_company;resale_hastags;resale_mentions,"boston, ma",Keyphrase,Massachusetts Attorney General Healey,,dgm_proscutor_handles,047691f14e2156193da683b1eacca3eb,dgm_proscutor_handles__047691f14e2156193da683b1eacca3eb
agowa,Washington Attorney General Ferguson,"Olympia, WA",counterfeit;fraud;aml;cryptocurrency_scam;skimming;counterfeit_company;resale_hastags;resale_mentions,"olympia, wa",Shipping,Washington Attorney General Ferguson,,dgm_proscutor_handles,34e461017aec2fbcf18a4b42a20abdd4,dgm_proscutor_handles__34e461017aec2fbcf18a4b42a20abdd4
scattygenoffice,South Carolina Attorney General Wilson,"Columbia, SC",counterfeit;fraud;aml;cryptocurrency_scam;skimming;counterfeit_company;resale_hastags;resale_mentions,"columbia, sc",DiplomaticFacilities,South Carolina Attorney General Wilson,,dgm_proscutor_handles,e083151f49c6c0bbad1a7d61e34b1c94,dgm_proscutor_handles__e083151f49c6c0bbad1a7d61e34b1c94
txag,Texas Attorney General Paxton,"Austin, TX",counterfeit;fraud;aml;cryptocurrency_scam;skimming;counterfeit_company;resale_hastags;resale_mentions,"austin, tx",IndustryTerm,Texas Attorney General Paxton,,dgm_proscutor_handles,6090415874c95c4c774a5963e9d223c4,dgm_proscutor_handles__6090415874c95c4c774a5963e9d223c4
massoig,Massachusettes Office of the Inspector General,"Washington, DC",counterfeit;fraud;aml;cryptocurrency_scam;skimming;counterfeit_company;resale_hastags;resale_mentions,"washington, dc",Person,Massachusettes Office of the Inspector General,,dgm_proscutor_handles,fd5be80864a2c0e446df969c56a8fd8d,dgm_proscutor_handles__fd5be80864a2c0e446df969c56a8fd8d
gsa_oig,US GSA Office of the Inspector General,"Washington, DC",counterfeit;fraud;aml;cryptocurrency_scam;skimming;counterfeit_company;resale_hastags;resale_mentions,"washington, dc",Legislator,US GSA Office of the Inspector General,,dgm_proscutor_handles,60409ad1603900fc76214f0b06466cb8,dgm_proscutor_handles__60409ad1603900fc76214f0b06466cb8
doloig,US DLO Office of the Inspector General,"Washington, DC",counterfeit;fraud;aml;cryptocurrency_scam;skimming;counterfeit_company;resale_hastags;resale_mentions,"washington, dc",LegislativeCommittee,US DLO Office of the Inspector General,,dgm_proscutor_handles,bd536441053c8d318b39e0f94a3fd1b8,dgm_proscutor_handles__bd536441053c8d318b39e0f94a3fd1b8
epaoig,US EPA Office of the Inspector General,"Washington, DC",counterfeit;fraud;aml;cryptocurrency_scam;skimming;counterfeit_company;resale_hastags;resale_mentions,"washington, dc",Consulates,US EPA Office of the Inspector General,,dgm_proscutor_handles,e8c3f18c0c7cc54011548a353e4fe9ff,dgm_proscutor_handles__e8c3f18c0c7cc54011548a353e4fe9ff
vaosig,Virginia Office of the Inspector General,"Washington, DC",counterfeit;fraud;aml;cryptocurrency_scam;skimming;counterfeit_company;resale_hastags;resale_mentions,"washington, dc",Refinery,Virginia Office of the Inspector General,,dgm_proscutor_handles,02a183688554fdcd1f624f22d5b19db2,dgm_proscutor_handles__02a183688554fdcd1f624f22d5b19db2
justiceoig,US DOJ Office of the Inspector General,"Washington, DC",counterfeit;fraud;aml;cryptocurrency_scam;skimming;counterfeit_company;resale_hastags;resale_mentions,"washington, dc",Diplomat,US DOJ Office of the Inspector General,,dgm_proscutor_handles,4723e9fb318a5b8e8d86de8a9c7f2e76,dgm_proscutor_handles__4723e9fb318a5b8e8d86de8a9c7f2e76
thessaoig,US SSA Office of the Inspector General,"Washington, DC",counterfeit;fraud;aml;cryptocurrency_scam;skimming;counterfeit_company;resale_hastags;resale_mentions,"washington, dc",Legislator,US SSA Office of the Inspector General,,dgm_proscutor_handles,1b0e6026ff38cd4dc1aa10596ac6e02f,dgm_proscutor_handles__1b0e6026ff38cd4dc1aa10596ac6e02f
oigfedcfpb,US Federal Reserve Office of the Inspector General,"Washington, DC",counterfeit;fraud;aml;cryptocurrency_scam;skimming;counterfeit_company;resale_hastags;resale_mentions,"washington, dc",ForeignMinistry,US Federal Reserve Office of the Inspector General,,dgm_proscutor_handles,86483128cab63a48c2d8190a7ae5b2e0,dgm_proscutor_handles__86483128cab63a48c2d8190a7ae5b2e0
seaoig,Seattle Office of the Inspector General,"Washington, DC",counterfeit;fraud;aml;cryptocurrency_scam;skimming;counterfeit_company;resale_hastags;resale_mentions,"washington, dc",Consulates,Seattle Office of the Inspector General,,dgm_proscutor_handles,a419dfcafdf35e50dea1e00df18dcf04,dgm_proscutor_handles__a419dfcafdf35e50dea1e00df18dcf04
texasoig,Texas Office of the Inspector General,"Washington, DC",counterfeit;fraud;aml;cryptocurrency_scam;skimming;counterfeit_company;resale_hastags;resale_mentions,"washington, dc",Pipeline,Texas Office of the Inspector General,,dgm_proscutor_handles,6fd17128e798b1a6a8a1cf384e816a62,dgm_proscutor_handles__6fd17128e798b1a6a8a1cf384e816a62
ininspectorgen,Indiana Office of the Inspector General,"Washington, DC",counterfeit;fraud;aml;cryptocurrency_scam;skimming;counterfeit_company;resale_hastags;resale_mentions,"washington, dc",Exec,Indiana Office of the Inspector General,,dgm_proscutor_handles,65661f9a5087850f778ab940abafe657,dgm_proscutor_handles__65661f9a5087850f778ab940abafe657
oig_baltimore,Baltimore Office of the Inspector General,"Washington, DC",counterfeit;fraud;aml;cryptocurrency_scam;skimming;counterfeit_company;resale_hastags;resale_mentions,"washington, dc",ForeignMinistry,Baltimore Office of the Inspector General,,dgm_proscutor_handles,7c0ece93c3fd8b8328cdb4559115800f,dgm_proscutor_handles__7c0ece93c3fd8b8328cdb4559115800f
sbaoig,US SBA Office of the Inspector General,"Washington, DC",counterfeit;fraud;aml;cryptocurrency_scam;skimming;counterfeit_company;resale_hastags;resale_mentions,"washington, dc",FTO,US SBA Office of the Inspector General,,dgm_proscutor_handles,83e3f83de415c3d7394f25f0a4c9ba93,dgm_proscutor_handles__83e3f83de415c3d7394f25f0a4c9ba93
oigathhs,US HHS Office of the Inspector General,"Washington, DC",counterfeit;fraud;aml;cryptocurrency_scam;skimming;counterfeit_company;resale_hastags;resale_mentions,"washington, dc",News,US HHS Office of the Inspector General,,dgm_proscutor_handles,3b6092030c3088c680a6f6f1b921fac5,dgm_proscutor_handles__3b6092030c3088c680a6f6f1b921fac5
smpcenter,SMP National Resource Center Office of the Inspector General,"Washington, DC",counterfeit;fraud;aml;cryptocurrency_scam;skimming;counterfeit_company;resale_hastags;resale_mentions,"washington, dc",Consulates,SMP National Resource Center Office of the Inspector General,,dgm_proscutor_handles,2b341b53db3f890501a0d582deaa21d7,dgm_proscutor_handles__2b341b53db3f890501a0d582deaa21d7
oigusps,USPS Office of the Inspector General,"Washington, DC",counterfeit;fraud;aml;cryptocurrency_scam;skimming;counterfeit_company;resale_hastags;resale_mentions,"washington, dc",Exec,USPS Office of the Inspector General,,dgm_proscutor_handles,e24135cebb328d85a27ea0ac2f6918fa,dgm_proscutor_handles__e24135cebb328d85a27ea0ac2f6918fa
stateoig,US DOS Office of the Inspector General,"Washington, DC",counterfeit;fraud;aml;cryptocurrency_scam;skimming;counterfeit_company;resale_hastags;resale_mentions,"washington, dc",AAEntity,US DOS Office of the Inspector General,,dgm_proscutor_handles,dbcdd92119602599c77f9ef5d83cce64,dgm_proscutor_handles__dbcdd92119602599c77f9ef5d83cce64
doioig,US DOI Office of the Inspector General,"Washington, DC",counterfeit;fraud;aml;cryptocurrency_scam;skimming;counterfeit_company;resale_hastags;resale_mentions,"washington, dc",space,US DOI Office of the Inspector General,,dgm_proscutor_handles,971c503ab0944dea1a45fbaaacba2e8b,dgm_proscutor_handles__971c503ab0944dea1a45fbaaacba2e8b
fdic_oig,US FDIC Office of the Inspector General,"Washington, DC",counterfeit;fraud;aml;cryptocurrency_scam;skimming;counterfeit_company;resale_hastags;resale_mentions,"washington, dc",ForeignMinister,US FDIC Office of the Inspector General,,dgm_proscutor_handles,43ee739508d936b1735717f07b0d13dd,dgm_proscutor_handles__43ee739508d936b1735717f07b0d13dd
nsfoig,US NSF Office of the Inspector General,"Washington, DC",counterfeit;fraud;aml;cryptocurrency_scam;skimming;counterfeit_company;resale_hastags;resale_mentions,"washington, dc",ForeignMinistry,US NSF Office of the Inspector General,,dgm_proscutor_handles,a61b4279247f31f30a6eac60ea9dee9d,dgm_proscutor_handles__a61b4279247f31f30a6eac60ea9dee9d
nolaoig,New Orleans Office of the Inspector General,"Washington, DC",counterfeit;fraud;aml;cryptocurrency_scam;skimming;counterfeit_company;resale_hastags;resale_mentions,"washington, dc",Person,New Orleans Office of the Inspector General,,dgm_proscutor_handles,471fac8b6e9e6522ece7e961ecbbb98d,dgm_proscutor_handles__471fac8b6e9e6522ece7e961ecbbb98d
phillyoig,Philadelphia Office of the Inspector General,"Washington, DC",counterfeit;fraud;aml;cryptocurrency_scam;skimming;counterfeit_company;resale_hastags;resale_mentions,"washington, dc",ForeignMinistry,Philadelphia Office of the Inspector General,,dgm_proscutor_handles,d0c960f814eb6e7522dd4a7ee271a919,dgm_proscutor_handles__d0c960f814eb6e7522dd4a7ee271a919
metrooig,WMATA Office of the Inspector General,"Washington, DC",counterfeit;fraud;aml;cryptocurrency_scam;skimming;counterfeit_company;resale_hastags;resale_mentions,"washington, dc",Keyphrase,WMATA Office of the Inspector General,,dgm_proscutor_handles,b38f24b801c3ed3f3d518ff935d6b19e,dgm_proscutor_handles__b38f24b801c3ed3f3d518ff935d6b19e
dotinspectorgen,US DOT Office of the Inspector General,"Washington, DC",counterfeit;fraud;aml;cryptocurrency_scam;skimming;counterfeit_company;resale_hastags;resale_mentions,"washington, dc",Diplomat,US DOT Office of the Inspector General,,dgm_proscutor_handles,16db3269886366b8b0ce0e1b633189de,dgm_proscutor_handles__16db3269886366b8b0ce0e1b633189de
chicagooig,Chicago Office of the Inspector General,"Washington, DC",counterfeit;fraud;aml;cryptocurrency_scam;skimming;counterfeit_company;resale_hastags;resale_mentions,"washington, dc",Legislator,Chicago Office of the Inspector General,,dgm_proscutor_handles,9f9be96f647a8872eba8e61f122785ca,dgm_proscutor_handles__9f9be96f647a8872eba8e61f122785ca
commerceoig,US DOC Office of the Inspector General,"Washington, DC",counterfeit;fraud;aml;cryptocurrency_scam;skimming;counterfeit_company;resale_hastags;resale_mentions,"washington, dc",Wells,US DOC Office of the Inspector General,,dgm_proscutor_handles,e8997f305fbc313987cb5b3380981035,dgm_proscutor_handles__e8997f305fbc313987cb5b3380981035
louisianaoig,Louisiana Office of the Inspector General,"Washington, DC",counterfeit;fraud;aml;cryptocurrency_scam;skimming;counterfeit_company;resale_hastags;resale_mentions,"washington, dc",Person,Louisiana Office of the Inspector General,,dgm_proscutor_handles,9caacd47a5195f85f6cc3bc72b9829ef,dgm_proscutor_handles__9caacd47a5195f85f6cc3bc72b9829ef
dhsoig,US DHS Office of the Inspector General,"Washington, DC",counterfeit;fraud;aml;cryptocurrency_scam;skimming;counterfeit_company;resale_hastags;resale_mentions,"washington, dc",Shipping,US DHS Office of the Inspector General,,dgm_proscutor_handles,455f0bc5b5f03d52e41d8b0f0f27b8b2,dgm_proscutor_handles__455f0bc5b5f03d52e41d8b0f0f27b8b2
hudoig,US HUD Office of the Inspector General,"Washington, DC",counterfeit;fraud;aml;cryptocurrency_scam;skimming;counterfeit_company;resale_hastags;resale_mentions,"washington, dc",Keyphrase,US HUD Office of the Inspector General,,dgm_proscutor_handles,3ef8c63cac3292fe31ef5b4b30cae251,dgm_proscutor_handles__3ef8c63cac3292fe31ef5b4b30cae251