handle,caption_name,ENTITY_LABEL,name,description,source,source_identifier,global_identifier
nathanlawkc,Pro-democracy activist Nathan Law,Exec,Pro-democracy activist Nathan Law,,dgm_hong_kong_ei_key_authors,16085e415d63a9bf1b31ec40d2b2184a,dgm_hong_kong_ei_key_authors__16085e415d63a9bf1b31ec40d2b2184a
sunnycheungky,Pro-democracy activist Sunny Cheung,Shipping,Pro-democracy activist Sunny Cheung,,dgm_hong_kong_ei_key_authors,128fb680af1b73708e313cc964fc25a4,dgm_hong_kong_ei_key_authors__128fb680af1b73708e313cc964fc25a4
joshuawongcf,Pro-democracy activist Joshua Wong,News,Pro-democracy activist Joshua Wong,,dgm_hong_kong_ei_key_authors,ea27e7640b9e25a41d7b1d01ef0ecec6,dgm_hong_kong_ei_key_authors__ea27e7640b9e25a41d7b1d01ef0ecec6
chuhoidick,Pro-democracy activist Eddie Chu,ForeignMinister,Pro-democracy activist Eddie Chu,,dgm_hong_kong_ei_key_authors,f358538fdc4af7ad994cde798d4f2c3a,dgm_hong_kong_ei_key_authors__f358538fdc4af7ad994cde798d4f2c3a
chowtingagnes,Pro-democracy activist Agnes Chow,Shipping,Pro-democracy activist Agnes Chow,,dgm_hong_kong_ei_key_authors,292b82aca7e604f084228dc93f13f4b4,dgm_hong_kong_ei_key_authors__292b82aca7e604f084228dc93f13f4b4
brianleungkp,Pro-democracy activist Brian Leung,FTO,Pro-democracy activist Brian Leung,,dgm_hong_kong_ei_key_authors,6057086f6abadb86acf8bf9926911aee,dgm_hong_kong_ei_key_authors__6057086f6abadb86acf8bf9926911aee
finnlau_cd,Pro-democracy activist Finn Lau,ForeignMinister,Pro-democracy activist Finn Lau,,dgm_hong_kong_ei_key_authors,37e382c20cdf4439a81f7ce0a6e30202,dgm_hong_kong_ei_key_authors__37e382c20cdf4439a81f7ce0a6e30202
frances_hui,Pro-democracy activist Frances Hui,ForeignMinister,Pro-democracy activist Frances Hui,,dgm_hong_kong_ei_key_authors,4eb8f67d8a0d4bc59fd3668d43512e4c,dgm_hong_kong_ei_key_authors__4eb8f67d8a0d4bc59fd3668d43512e4c
tedhuichuifung,Former district councillor Ted Hui,Keyphrase,Former district councillor Ted Hui,,dgm_hong_kong_ei_key_authors,72ce5b2a8da6c8fda6d40c622394ba6f,dgm_hong_kong_ei_key_authors__72ce5b2a8da6c8fda6d40c622394ba6f
timothylee_hk,Former district councillor Timothy Lee,News,Former district councillor Timothy Lee,,dgm_hong_kong_ei_key_authors,c4cfb847f07762951dd901bcf05b14e3,dgm_hong_kong_ei_key_authors__c4cfb847f07762951dd901bcf05b14e3
leungbaggio,Youngspiration convenor Baggio Leung,Pipeline,Youngspiration convenor Baggio Leung,,dgm_hong_kong_ei_key_authors,087e91926c5e0c8b8f4c1facf34772c4,dgm_hong_kong_ei_key_authors__087e91926c5e0c8b8f4c1facf34772c4
hoccgoomusic,Singer and activist Denise Ho,IndustryTerm,Singer and activist Denise Ho,,dgm_hong_kong_ei_key_authors,8cc7ee06ec0a680e0828ff2246752486,dgm_hong_kong_ei_key_authors__8cc7ee06ec0a680e0828ff2246752486
honcqueslaus,Pro-democracy activist Honcques Laus,Person,Pro-democracy activist Honcques Laus,,dgm_hong_kong_ei_key_authors,84f35e01a306198d87397c292c57ff40,dgm_hong_kong_ei_key_authors__84f35e01a306198d87397c292c57ff40
jeffreychngo,Pro-democracy activist Jeffrey Ngo,ForeignMinister,Pro-democracy activist Jeffrey Ngo,,dgm_hong_kong_ei_key_authors,462b82ec3ecc9e959da07eff0e723d10,dgm_hong_kong_ei_key_authors__462b82ec3ecc9e959da07eff0e723d10
holden_chow,Legistative Council member Holden Chow,FTO,Legistative Council member Holden Chow,,dgm_hong_kong_ei_key_authors,afb13d189921e976bac67d6d4511cb45,dgm_hong_kong_ei_key_authors__afb13d189921e976bac67d6d4511cb45
wongjiyuet,Pro-democracy activist Wong Ji Yuet,DiplomaticFacilities,Pro-democracy activist Wong Ji Yuet,,dgm_hong_kong_ei_key_authors,1275e19058c001b2cf973c1948b7dd6a,dgm_hong_kong_ei_key_authors__1275e19058c001b2cf973c1948b7dd6a
weiweidai4,Blogger Dai Weiwei,ForeignMinister,Blogger Dai Weiwei,,dgm_hong_kong_ei_key_authors,6a71722f684e015583917c19259537d4,dgm_hong_kong_ei_key_authors__6a71722f684e015583917c19259537d4
carlzha,Podcast host Carl Zha,News,Podcast host Carl Zha,,dgm_hong_kong_ei_key_authors,fa1b8d0ede2f17b0bdf664f636fe62ee,dgm_hong_kong_ei_key_authors__fa1b8d0ede2f17b0bdf664f636fe62ee
notxiangyu,Blogger Xiang Yu,FTO,Blogger Xiang Yu,,dgm_hong_kong_ei_key_authors,1cf45a403c11e17b04547119a3c02413,dgm_hong_kong_ei_key_authors__1cf45a403c11e17b04547119a3c02413
mango_press_,Blog Mango Press,LegislativeCommittee,Blog Mango Press,,dgm_hong_kong_ei_key_authors,bd5e212505824729eff5c34a468e27a1,dgm_hong_kong_ei_key_authors__bd5e212505824729eff5c34a468e27a1
jingjing_li,Reporter Li Jingjing,space,Reporter Li Jingjing,,dgm_hong_kong_ei_key_authors,564fa99f270ced4a6817225db357c8bc,dgm_hong_kong_ei_key_authors__564fa99f270ced4a6817225db357c8bc
huxijin_gt,Global Times Editor Hu Xijin,Shipping,Global Times Editor Hu Xijin,,dgm_hong_kong_ei_key_authors,b1315f6852a397747a5c664a6f699a52,dgm_hong_kong_ei_key_authors__b1315f6852a397747a5c664a6f699a52
hkpoliceforce,Hong Kong Police Hong Kong Police Force,AAEntity,Hong Kong Police Hong Kong Police Force,,dgm_hong_kong_ei_key_authors,f7ba5803a7eee0d1f69268018d676f00,dgm_hong_kong_ei_key_authors__f7ba5803a7eee0d1f69268018d676f00
stanleyhowaiho1,District Councillor Stanley Ho,News,District Councillor Stanley Ho,,dgm_hong_kong_ei_key_authors,c3c74f8bce1b1e47ac0d0ab75d88edf5,dgm_hong_kong_ei_key_authors__c3c74f8bce1b1e47ac0d0ab75d88edf5
pokszeto,District Councillor Szeto Pok-man,FTO,District Councillor Szeto Pok-man,,dgm_hong_kong_ei_key_authors,a2396944394c103927ceb09d3b41ba71,dgm_hong_kong_ei_key_authors__a2396944394c103927ceb09d3b41ba71
tommycheungsy,District Councillor Tommy Cheung,Pipeline,District Councillor Tommy Cheung,,dgm_hong_kong_ei_key_authors,b71a766e9e45e1fb2f0bf5960880096b,dgm_hong_kong_ei_key_authors__b71a766e9e45e1fb2f0bf5960880096b
chanpuiming,District Councillor Mike Chan,Media,District Councillor Mike Chan,,dgm_hong_kong_ei_key_authors,c761ac00157a297f01b73b0d7130bcca,dgm_hong_kong_ei_key_authors__c761ac00157a297f01b73b0d7130bcca
cheuktinglam,Former district councillor Lam Cheuk-ting,Person,Former district councillor Lam Cheuk-ting,,dgm_hong_kong_ei_key_authors,91a8b1d66279743380e6caff125d420f,dgm_hong_kong_ei_key_authors__91a8b1d66279743380e6caff125d420f
willisfong,Former district councillor Willis Fong,ForeignMinistry,Former district councillor Willis Fong,,dgm_hong_kong_ei_key_authors,8bbc62680d9883caea4bc45fc72e82ee,dgm_hong_kong_ei_key_authors__8bbc62680d9883caea4bc45fc72e82ee
brandon_k_yip,District Councillor Brandon Yip,Keyphrase,District Councillor Brandon Yip,,dgm_hong_kong_ei_key_authors,116ef24d3ff8c5e74331629e8c7eda34,dgm_hong_kong_ei_key_authors__116ef24d3ff8c5e74331629e8c7eda34
clarisseysy,Former district councillor Clarisse Yeung,Consulates,Former district councillor Clarisse Yeung,,dgm_hong_kong_ei_key_authors,8fadbae446e2470b250ee0ddf01ca636,dgm_hong_kong_ei_key_authors__8fadbae446e2470b250ee0ddf01ca636
kennethl_legco,Former legislative council member Kenneth Leung,Refinery,Former legislative council member Kenneth Leung,,dgm_hong_kong_ei_key_authors,55ab928efab9dd85563a1ce6af205c2a,dgm_hong_kong_ei_key_authors__55ab928efab9dd85563a1ce6af205c2a
ramonyuen3,District Councillor Ramon Yuen,FTO,District Councillor Ramon Yuen,,dgm_hong_kong_ei_key_authors,84180899afc7e2378de9e88da194e068,dgm_hong_kong_ei_key_authors__84180899afc7e2378de9e88da194e068
chhung10,Former district councillor C H Hung,Shipping,Former district councillor C H Hung,,dgm_hong_kong_ei_key_authors,2115f8228c0f8b66616a8bbe5ee14f98,dgm_hong_kong_ei_key_authors__2115f8228c0f8b66616a8bbe5ee14f98
kwongchunyu,District Councillor Roy Kwong,space,District Councillor Roy Kwong,,dgm_hong_kong_ei_key_authors,04aae4ea5912088210db7cf3a7e5c96f,dgm_hong_kong_ei_key_authors__04aae4ea5912088210db7cf3a7e5c96f
denniswhkwok,Former legislative council member Dennis Kwok,IndustryTerm,Former legislative council member Dennis Kwok,,dgm_hong_kong_ei_key_authors,491209abb4c04aa4c6febed853785cdb,dgm_hong_kong_ei_key_authors__491209abb4c04aa4c6febed853785cdb
tiffanyykw,Former district councillor Tiffany Yuen,Media,Former district councillor Tiffany Yuen,,dgm_hong_kong_ei_key_authors,f4725dacbc6f23b73eb00f34f7e2c75e,dgm_hong_kong_ei_key_authors__f4725dacbc6f23b73eb00f34f7e2c75e
leotlchu,District Councillor Leo Chu,FTO,District Councillor Leo Chu,,dgm_hong_kong_ei_key_authors,277ae3fa9a6221aa81d183d3ca5fbdd9,dgm_hong_kong_ei_key_authors__277ae3fa9a6221aa81d183d3ca5fbdd9
carmenkamanlau,Former district councillor Carmen Lau,News,Former district councillor Carmen Lau,,dgm_hong_kong_ei_key_authors,cc7c4e4dc67568128fb50c6c0d1a770d,dgm_hong_kong_ei_key_authors__cc7c4e4dc67568128fb50c6c0d1a770d
clarawanchai,District Councillor Clara Cheung,Refinery,District Councillor Clara Cheung,,dgm_hong_kong_ei_key_authors,2c5f66c97c3ed258e17fdd3152e6a25f,dgm_hong_kong_ei_key_authors__2c5f66c97c3ed258e17fdd3152e6a25f
kaholee_cp,Former district councillor Ka Ho-lee,Shipping,Former district councillor Ka Ho-lee,,dgm_hong_kong_ei_key_authors,a084366e3f7a78d24a26d06a05f6dc76,dgm_hong_kong_ei_key_authors__a084366e3f7a78d24a26d06a05f6dc76
kwoktinlap,Former district councillor Tony Kwok,ForeignMinister,Former district councillor Tony Kwok,,dgm_hong_kong_ei_key_authors,09e052cff82df3d9f78573b323a70410,dgm_hong_kong_ei_key_authors__09e052cff82df3d9f78573b323a70410
lslbecky,District Councillor Becky Li,LegislativeCommittee,District Councillor Becky Li,,dgm_hong_kong_ei_key_authors,3a20a54aa6a23f094383951cc3a89097,dgm_hong_kong_ei_key_authors__3a20a54aa6a23f094383951cc3a89097
oktinau,Former legislative council member Au Nok-hin,Refinery,Former legislative council member Au Nok-hin,,dgm_hong_kong_ei_key_authors,deae53e8d5be40d104ef26acf4f7b4b6,dgm_hong_kong_ei_key_authors__deae53e8d5be40d104ef26acf4f7b4b6
chengchungtai,Former legislative council member Cheng Chung-tai,ForeignMinistry,Former legislative council member Cheng Chung-tai,,dgm_hong_kong_ei_key_authors,dac9d07ce7a49c273f8def4a99d5d79b,dgm_hong_kong_ei_key_authors__dac9d07ce7a49c273f8def4a99d5d79b
kahosaiwan,District Councillor Jordan Pang,Media,District Councillor Jordan Pang,,dgm_hong_kong_ei_key_authors,792c430d668ec87612690dec18a16644,dgm_hong_kong_ei_key_authors__792c430d668ec87612690dec18a16644
lauchikitchris,Former district councillor Chris Lau,Media,Former district councillor Chris Lau,,dgm_hong_kong_ei_key_authors,e97e6f8a1b973cbb91ca644a69cb0859,dgm_hong_kong_ei_key_authors__e97e6f8a1b973cbb91ca644a69cb0859
owanliowanli,Former district councillor Owan Li,DiplomaticFacilities,Former district councillor Owan Li,,dgm_hong_kong_ei_key_authors,895ad23428989aaf40122a48e93a5f9c,dgm_hong_kong_ei_key_authors__895ad23428989aaf40122a48e93a5f9c
jimmyshamtszkit,Former Civil Human Rights Front convenor Jimmy Sham,Media,Former Civil Human Rights Front convenor Jimmy Sham,,dgm_hong_kong_ei_key_authors,f5d1ccfb802fe25d12a2a050d83059de,dgm_hong_kong_ei_key_authors__f5d1ccfb802fe25d12a2a050d83059de
jannellerleung,Pro-democracy activist Janelle Leung,ForeignMinistry,Pro-democracy activist Janelle Leung,,dgm_hong_kong_ei_key_authors,919a62eb621c94033d4d6023ba4e0a7d,dgm_hong_kong_ei_key_authors__919a62eb621c94033d4d6023ba4e0a7d
emilylauwh,Former legislative council member Emily Lau,IndustryTerm,Former legislative council member Emily Lau,,dgm_hong_kong_ei_key_authors,2abf27aab558ca4c5c7d7e895e8ab8b5,dgm_hong_kong_ei_key_authors__2abf27aab558ca4c5c7d7e895e8ab8b5
edithleung2,Former district councillor Edith Leung,Keyphrase,Former district councillor Edith Leung,,dgm_hong_kong_ei_key_authors,823a6b34d85821a4c8ca3038916e125d,dgm_hong_kong_ei_key_authors__823a6b34d85821a4c8ca3038916e125d
yauwaiching,Former legislative council member Yau Wai-ching,Wells,Former legislative council member Yau Wai-ching,,dgm_hong_kong_ei_key_authors,411f4c270495ef88e6ffcb4423ca4a9c,dgm_hong_kong_ei_key_authors__411f4c270495ef88e6ffcb4423ca4a9c
drkwanec,Former district councillor Kwan Ka-lun,Person,Former district councillor Kwan Ka-lun,,dgm_hong_kong_ei_key_authors,7441bfba7b711f8b34c03165b09ecdbe,dgm_hong_kong_ei_key_authors__7441bfba7b711f8b34c03165b09ecdbe
alankahkitleong,Civic Party chairperson Alan Leung,CompanyKeyword,Civic Party chairperson Alan Leung,,dgm_hong_kong_ei_key_authors,e7fd8b5e3d9a68fc944ace1753118ef7,dgm_hong_kong_ei_key_authors__e7fd8b5e3d9a68fc944ace1753118ef7
chowsiulung,Hong Kong activist Herbert Chow,Person,Hong Kong activist Herbert Chow,,dgm_hong_kong_ei_key_authors,464eaf268f52d860746cff8a36eadbb1,dgm_hong_kong_ei_key_authors__464eaf268f52d860746cff8a36eadbb1
manyuen_ng,League of Social Democrats chairperson Avery Ng,Pipeline,League of Social Democrats chairperson Avery Ng,,dgm_hong_kong_ei_key_authors,f440e61f1d596b1928aee2e0f135530a,dgm_hong_kong_ei_key_authors__f440e61f1d596b1928aee2e0f135530a
michaelmohk,Former district councillor Michael Mo,ForeignMinistry,Former district councillor Michael Mo,,dgm_hong_kong_ei_key_authors,21ec6785bfab97a120b6288f691e1289,dgm_hong_kong_ei_key_authors__21ec6785bfab97a120b6288f691e1289
lokinhei,Democratic Party chairperson Lo Kin-hei,Exec,Democratic Party chairperson Lo Kin-hei,,dgm_hong_kong_ei_key_authors,3b65a5fe67f4712939e3d7bf68498124,dgm_hong_kong_ei_key_authors__3b65a5fe67f4712939e3d7bf68498124
charlesmok,Former legislative council member Charles Mok,AAEntity,Former legislative council member Charles Mok,,dgm_hong_kong_ei_key_authors,b6ba261b724b69b6907cd48d91ebec47,dgm_hong_kong_ei_key_authors__b6ba261b724b69b6907cd48d91ebec47
lestershum,Former district councillor Lester Shum,LegislativeCommittee,Former district councillor Lester Shum,,dgm_hong_kong_ei_key_authors,79dc254640f73ed24455576829a2368a,dgm_hong_kong_ei_key_authors__79dc254640f73ed24455576829a2368a
nigelkwlee,Former district councillor Lee Ka-wai,DiplomaticFacilities,Former district councillor Lee Ka-wai,,dgm_hong_kong_ei_key_authors,0d89165bf431aac55c7c7bf09d471b72,dgm_hong_kong_ei_key_authors__0d89165bf431aac55c7c7bf09d471b72
samcheunghosum,Former district councillor Sam Cheung,Organization,Former district councillor Sam Cheung,,dgm_hong_kong_ei_key_authors,9e0cef715fa92880b613bc223b94b312,dgm_hong_kong_ei_key_authors__9e0cef715fa92880b613bc223b94b312
ray_wonghki,Pro-democracy activist Ray Wong,Person,Pro-democracy activist Ray Wong,,dgm_hong_kong_ei_key_authors,fe06e0c52f3d18ec110a48230cba3e98,dgm_hong_kong_ei_key_authors__fe06e0c52f3d18ec110a48230cba3e98
hongfenghuang,China Daily editor Wang Hao,Refinery,China Daily editor Wang Hao,,dgm_hong_kong_ei_key_authors,d7497c24ba0f7ca1509b98dc16f86f46,dgm_hong_kong_ei_key_authors__d7497c24ba0f7ca1509b98dc16f86f46
kongtsunggan,Pro-democracy activist Kong Tsung-gan,LegislativeCommittee,Pro-democracy activist Kong Tsung-gan,,dgm_hong_kong_ei_key_authors,5c4791dfea1dd1ff083884316aeecb05,dgm_hong_kong_ei_key_authors__5c4791dfea1dd1ff083884316aeecb05
richscotford,Pro-democracy activist Rich Scotford,Consulates,Pro-democracy activist Rich Scotford,,dgm_hong_kong_ei_key_authors,d4a869fa8fb1e9979d910bb14224293d,dgm_hong_kong_ei_key_authors__d4a869fa8fb1e9979d910bb14224293d
elmeryuen,Pro-democracy activist Elmer Yuen,LegislativeCommittee,Pro-democracy activist Elmer Yuen,,dgm_hong_kong_ei_key_authors,f05666ef22ff1132b0c9baaf62569d2a,dgm_hong_kong_ei_key_authors__f05666ef22ff1132b0c9baaf62569d2a
uryuhirano,Pro-democracy activist Uryu Hirano,space,Pro-democracy activist Uryu Hirano,,dgm_hong_kong_ei_key_authors,388449bb42a28036d6cf3da09bebb62d,dgm_hong_kong_ei_key_authors__388449bb42a28036d6cf3da09bebb62d
kwailamho,Pro-democracy activist Gwyneth Ho,DiplomaticFacilities,Pro-democracy activist Gwyneth Ho,,dgm_hong_kong_ei_key_authors,91e2cf7fa1c17ecafcb8385ff33ecc54,dgm_hong_kong_ei_key_authors__91e2cf7fa1c17ecafcb8385ff33ecc54
yttai,Occupy Central founder Benny Tai,Person,Occupy Central founder Benny Tai,,dgm_hong_kong_ei_key_authors,23fb2e244ed2f036acd091058f7674b0,dgm_hong_kong_ei_key_authors__23fb2e244ed2f036acd091058f7674b0
hksamyip,Former district councillor Sam Yip,News,Former district councillor Sam Yip,,dgm_hong_kong_ei_key_authors,8034935f8be8396bb4d096d53931304b,dgm_hong_kong_ei_key_authors__8034935f8be8396bb4d096d53931304b
samuelmchu,Pro-democracy activist Samuel Chu,IndustryTerm,Pro-democracy activist Samuel Chu,,dgm_hong_kong_ei_key_authors,8465ca0b10488168e7c98fd4151b921a,dgm_hong_kong_ei_key_authors__8465ca0b10488168e7c98fd4151b921a
hkliberty_team,Pro-democracy group Hong Kong Liberty,Legislator,Pro-democracy group Hong Kong Liberty,,dgm_hong_kong_ei_key_authors,2456cca22458d1f860cc28c925658748,dgm_hong_kong_ei_key_authors__2456cca22458d1f860cc28c925658748
hkglobalconnect,Pro-democracy group Hong Kong Global Connect,Shipping,Pro-democracy group Hong Kong Global Connect,,dgm_hong_kong_ei_key_authors,cb42dd6122edda1a26f097d683429ec8,dgm_hong_kong_ei_key_authors__cb42dd6122edda1a26f097d683429ec8
citizenspc,Pro-democracy group Citizens' Press Conference,CompanyKeyword,Pro-democracy group Citizens' Press Conference,,dgm_hong_kong_ei_key_authors,0991a6cb0ade658e23ce6cd704317624,dgm_hong_kong_ei_key_authors__0991a6cb0ade658e23ce6cd704317624
freedomhkg,Pro-democracy group Freedom Hong Kong,ForeignMinister,Pro-democracy group Freedom Hong Kong,,dgm_hong_kong_ei_key_authors,ecaefea9ffc9feb0b0af64ca82c086d0,dgm_hong_kong_ei_key_authors__ecaefea9ffc9feb0b0af64ca82c086d0
chrf_hk,Pro-democracy group Civil Human Rights Front,ForeignMinistry,Pro-democracy group Civil Human Rights Front,,dgm_hong_kong_ei_key_authors,fd1d346bd5c8daa1ae35da0ff3a18106,dgm_hong_kong_ei_key_authors__fd1d346bd5c8daa1ae35da0ff3a18106
stand_with_hk,Pro-democracy group Stand with Hong Kong,FTO,Pro-democracy group Stand with Hong Kong,,dgm_hong_kong_ei_key_authors,1ae00f58974e87dcb6f737862f1447d8,dgm_hong_kong_ei_key_authors__1ae00f58974e87dcb6f737862f1447d8
jwmc831,Pro-democracy activist Jim Wong,AAEntity,Pro-democracy activist Jim Wong,,dgm_hong_kong_ei_key_authors,32963e963cc1d077fff14f7c0b3dc050,dgm_hong_kong_ei_key_authors__32963e963cc1d077fff14f7c0b3dc050
alvinllum,Reporter Alvin Lum,Organization,Reporter Alvin Lum,,dgm_hong_kong_ei_key_authors,803445090416d5d117543d286414d588,dgm_hong_kong_ei_key_authors__803445090416d5d117543d286414d588
save12hkyouths,Pro-democracy group Save 12 HK Youths,Refinery,Pro-democracy group Save 12 HK Youths,,dgm_hong_kong_ei_key_authors,311affdbcfaceba3dc7ebf788f415239,dgm_hong_kong_ei_key_authors__311affdbcfaceba3dc7ebf788f415239
chenqiushi404,Chinese lawyer and activist Chen Qiushi,Legislator,Chinese lawyer and activist Chen Qiushi,,dgm_hong_kong_ei_key_authors,365aa2ebe2606c7027915cda2e5a9fda,dgm_hong_kong_ei_key_authors__365aa2ebe2606c7027915cda2e5a9fda
hkdc_us,Pro-democracy group Hong Kong Democracy Council,Organization,Pro-democracy group Hong Kong Democracy Council,,dgm_hong_kong_ei_key_authors,6641f67b8641a6c106fa7387e6aea24a,dgm_hong_kong_ei_key_authors__6641f67b8641a6c106fa7387e6aea24a
jooeysiiu,Pro-democracy activist Joey Siu,Keyphrase,Pro-democracy activist Joey Siu,,dgm_hong_kong_ei_key_authors,7a2e2d22125247d97b8087fa5765b33a,dgm_hong_kong_ei_key_authors__7a2e2d22125247d97b8087fa5765b33a
hkhiiad,Pro-democracy group Hong Kong Higher Institutions International Affairs Delegation,Diplomat,Pro-democracy group Hong Kong Higher Institutions International Affairs Delegation,,dgm_hong_kong_ei_key_authors,21d53ab7dcfa95ae17f5ab65d43a7f9e,dgm_hong_kong_ei_key_authors__21d53ab7dcfa95ae17f5ab65d43a7f9e
demosisto,Pro-democracy group Demosisto,space,Pro-democracy group Demosisto,,dgm_hong_kong_ei_key_authors,8a0af4f74c9c2809f406db0dc8007485,dgm_hong_kong_ei_key_authors__8a0af4f74c9c2809f406db0dc8007485
figochanhowun,Pro-democracy activist Figo Chan,LegislativeCommittee,Pro-democracy activist Figo Chan,,dgm_hong_kong_ei_key_authors,9636e8f2c513118e6a1e060f618889fc,dgm_hong_kong_ei_key_authors__9636e8f2c513118e6a1e060f618889fc
lukedepulford,Pro-democracy activist Luke De Pulford,Exec,Pro-democracy activist Luke De Pulford,,dgm_hong_kong_ei_key_authors,5e848834a8de89146635421ccc04f57c,dgm_hong_kong_ei_key_authors__5e848834a8de89146635421ccc04f57c
sumlokkei,Reporter Sum Lok-kei,Person,Reporter Sum Lok-kei,,dgm_hong_kong_ei_key_authors,9211291347429fe8dd6139eb8190a94c,dgm_hong_kong_ei_key_authors__9211291347429fe8dd6139eb8190a94c
xinqisu,Reporter Su Xin-qi,LegislativeCommittee,Reporter Su Xin-qi,,dgm_hong_kong_ei_key_authors,bf1301150b97a8b7b8a0b8a90c0e596b,dgm_hong_kong_ei_key_authors__bf1301150b97a8b7b8a0b8a90c0e596b
razvenhk,Reporter Razven,Keyphrase,Reporter Razven,,dgm_hong_kong_ei_key_authors,610aea9f0f90bf1909009be51f13fa27,dgm_hong_kong_ei_key_authors__610aea9f0f90bf1909009be51f13fa27
sophiemak1,Pro-democracy activist Sophie Mak,CompanyKeyword,Pro-democracy activist Sophie Mak,,dgm_hong_kong_ei_key_authors,16e04bc5830d54a07f752de92b12666b,dgm_hong_kong_ei_key_authors__16e04bc5830d54a07f752de92b12666b
aaronmcn,Reporter Aaron McNicholas,Shipping,Reporter Aaron McNicholas,,dgm_hong_kong_ei_key_authors,43fb2a75dc7054e268598aac440f5b74,dgm_hong_kong_ei_key_authors__43fb2a75dc7054e268598aac440f5b74
rachel_cheung1,Reporter Rachel Cheung,LegislativeCommittee,Reporter Rachel Cheung,,dgm_hong_kong_ei_key_authors,e4810d1c746a36a77dc31fdb18ef7344,dgm_hong_kong_ei_key_authors__e4810d1c746a36a77dc31fdb18ef7344
xinwenxiaojie,Reporter Yuen Chan,Wells,Reporter Yuen Chan,,dgm_hong_kong_ei_key_authors,bc69e3ab0779106a3dbeb30220d38819,dgm_hong_kong_ei_key_authors__bc69e3ab0779106a3dbeb30220d38819
rhokilpatrick,Reporter Ryan Ho Kilpatrick,Legislator,Reporter Ryan Ho Kilpatrick,,dgm_hong_kong_ei_key_authors,b1e90ad85ec58be9da75e89aa7da4959,dgm_hong_kong_ei_key_authors__b1e90ad85ec58be9da75e89aa7da4959
hkdemocrats,Hong Kong Democratic Party Hong Kong Democratic Party,Wells,Hong Kong Democratic Party Hong Kong Democratic Party,,dgm_hong_kong_ei_key_authors,d1fba99f9c28c1943f00e831739113aa,dgm_hong_kong_ei_key_authors__d1fba99f9c28c1943f00e831739113aa
tomgrundy,Reporter Tom Grundy,space,Reporter Tom Grundy,,dgm_hong_kong_ei_key_authors,c1fce4f449ff3f40f6e76f56deae4e64,dgm_hong_kong_ei_key_authors__c1fce4f449ff3f40f6e76f56deae4e64
timmysung,Reporter Timmy Sung,Organization,Reporter Timmy Sung,,dgm_hong_kong_ei_key_authors,b41147067a652b3cc8841b74fbd0e844,dgm_hong_kong_ei_key_authors__b41147067a652b3cc8841b74fbd0e844
ssataline,Reporter Suzanne Sataline,Shipping,Reporter Suzanne Sataline,,dgm_hong_kong_ei_key_authors,2370d0aa5fe6f7cb30868647785bdcb4,dgm_hong_kong_ei_key_authors__2370d0aa5fe6f7cb30868647785bdcb4
alvinllum,Reporter Alvin Lum,LegislativeCommittee,Reporter Alvin Lum,,dgm_hong_kong_ei_key_authors,803445090416d5d117543d286414d588,dgm_hong_kong_ei_key_authors__803445090416d5d117543d286414d588
jerometaylor,Reporter Jerome Taylor,Person,Reporter Jerome Taylor,,dgm_hong_kong_ei_key_authors,b7d46c791115a0f550d64dc39bc1e9b2,dgm_hong_kong_ei_key_authors__b7d46c791115a0f550d64dc39bc1e9b2
stegersaurus,Reporter Isabella Steger,Exec,Reporter Isabella Steger,,dgm_hong_kong_ei_key_authors,8a36ff09db2c6d81c6795ad3349cd64a,dgm_hong_kong_ei_key_authors__8a36ff09db2c6d81c6795ad3349cd64a
laurelchor,Reporter Laurel Chor,LegislativeCommittee,Reporter Laurel Chor,,dgm_hong_kong_ei_key_authors,d993b844fab2396d692d178da85ad8f2,dgm_hong_kong_ei_key_authors__d993b844fab2396d692d178da85ad8f2
krislc,Reporter Kris Cheng,Organization,Reporter Kris Cheng,,dgm_hong_kong_ei_key_authors,fe14c2b8f9055bbe148d3c1818bd9c11,dgm_hong_kong_ei_key_authors__fe14c2b8f9055bbe148d3c1818bd9c11
antd,Reporter Antony Dapiran,CompanyKeyword,Reporter Antony Dapiran,,dgm_hong_kong_ei_key_authors,da8083a1fb7ceb80ddf0172f87ea1256,dgm_hong_kong_ei_key_authors__da8083a1fb7ceb80ddf0172f87ea1256
reginaiplau,New People's Party chairperson Regina Ip,ForeignMinistry,New People's Party chairperson Regina Ip,,dgm_hong_kong_ei_key_authors,034ba27e2142c99cdcd8c591c6a7f0ba,dgm_hong_kong_ei_key_authors__034ba27e2142c99cdcd8c591c6a7f0ba
zlj517,Chinese Foreign Ministry Spokesperson Zhao Lijian,LegislativeCommittee,Chinese Foreign Ministry Spokesperson Zhao Lijian,,dgm_hong_kong_ei_key_authors,caedd63fac05bb2d803b121136a96f56,dgm_hong_kong_ei_key_authors__caedd63fac05bb2d803b121136a96f56
dominictsz,New People's Party politician Dominic Lee,Keyphrase,New People's Party politician Dominic Lee,,dgm_hong_kong_ei_key_authors,09ca29705876890229a882540e69f532,dgm_hong_kong_ei_key_authors__09ca29705876890229a882540e69f532
joephychan,Former district councillor Joephy Chan,Refinery,Former district councillor Joephy Chan,,dgm_hong_kong_ei_key_authors,eec738cc9fbbd6ef877e9a5ef78ef5d9,dgm_hong_kong_ei_key_authors__eec738cc9fbbd6ef877e9a5ef78ef5d9
judychan45,New People's Party politician Judy Chan,LegislativeCommittee,New People's Party politician Judy Chan,,dgm_hong_kong_ei_key_authors,9a2a0f0710a8433c9f9025e2d1315c10,dgm_hong_kong_ei_key_authors__9a2a0f0710a8433c9f9025e2d1315c10
adrianhosavehk,New People's Party politician Adrian Ho,ForeignMinistry,New People's Party politician Adrian Ho,,dgm_hong_kong_ei_key_authors,5e2eb7c433dfca0e2bffca1dbd9c34a2,dgm_hong_kong_ei_key_authors__5e2eb7c433dfca0e2bffca1dbd9c34a2
nixielam,Hong Kong Election Committee member Nixie Lam,Wells,Hong Kong Election Committee member Nixie Lam,,dgm_hong_kong_ei_key_authors,1e63c82f9304dfd887c0a65f732be020,dgm_hong_kong_ei_key_authors__1e63c82f9304dfd887c0a65f732be020
newsgovhk,Hong Kong Government News Hong Kong Government News,Shipping,Hong Kong Government News Hong Kong Government News,,dgm_hong_kong_ei_key_authors,829fb63260dcd14c33b60dfd50aee6cf,dgm_hong_kong_ei_key_authors__829fb63260dcd14c33b60dfd50aee6cf
epochtimeshk,Epoch Times HK,Legislator,Epoch Times HK,,dgm_hong_kong_ei_key_authors,a8de59e4e0b4bc01dfa20b16e143c8ad,dgm_hong_kong_ei_key_authors__a8de59e4e0b4bc01dfa20b16e143c8ad
ezracheungtoto,Reporter Ezra Cheung,space,Reporter Ezra Cheung,,dgm_hong_kong_ei_key_authors,0d83ae94c2fef67fb8cf1ad60e5c8397,dgm_hong_kong_ei_key_authors__0d83ae94c2fef67fb8cf1ad60e5c8397
solomonyue,Republicans Overseas CEO Solomon Yue,space,Republicans Overseas CEO Solomon Yue,,dgm_hong_kong_ei_key_authors,7ad389e7fb2a4eb5789930e1d6c76435,dgm_hong_kong_ei_key_authors__7ad389e7fb2a4eb5789930e1d6c76435
spokespersonchn,Chinese Foreign Ministry spokesperson Hua Chunying,Diplomat,Chinese Foreign Ministry spokesperson Hua Chunying,,dgm_hong_kong_ei_key_authors,805d65bef9b0825886aca07641126937,dgm_hong_kong_ei_key_authors__805d65bef9b0825886aca07641126937