keyword,caption_name,lat,lon,location_name,topic_id,ENTITY_LABEL,name,description,source,source_identifier,global_identifier
張國鈞,Hong Kong legislative candidate Horace Cheung,22.302711,114.177216,Hong Kong,188369,Shipping,Hong Kong legislative candidate Horace Cheung,,hk_ei_terms,9b0dd1e8df8693425b848c888aaa57a7,hk_ei_terms__9b0dd1e8df8693425b848c888aaa57a7
蔣麗芸,Hong Kong legislative candidate Ann Chiang,22.302711,114.177216,Hong Kong,188369,Exec,Hong Kong legislative candidate Ann Chiang,,hk_ei_terms,f391ee6402b69d0d68b0e5957cc2afbe,hk_ei_terms__f391ee6402b69d0d68b0e5957cc2afbe
鄭泳舜,Hong Kong legislative candidate Vincent Cheng Wing-shun,22.302711,114.177216,Hong Kong,188369,space,Hong Kong legislative candidate Vincent Cheng Wing-shun,,hk_ei_terms,3edf71e388f34bb7f52bb9c7f4f706e1,hk_ei_terms__3edf71e388f34bb7f52bb9c7f4f706e1
柯創盛,Hong Kong legislative candidate Wilson Or Chong-shing,22.302711,114.177216,Hong Kong,188369,Shipping,Hong Kong legislative candidate Wilson Or Chong-shing,,hk_ei_terms,7ad16226269f1e116e098ec7f0ba864d,hk_ei_terms__7ad16226269f1e116e098ec7f0ba864d
陳恒鑌,Hong Kong legislative candidate Ben Chan,22.302711,114.177216,Hong Kong,188369,Consulates,Hong Kong legislative candidate Ben Chan,,hk_ei_terms,e14d8a7a81389af0f4495fb6579dabca,hk_ei_terms__e14d8a7a81389af0f4495fb6579dabca
梁志祥,Hong Kong legislative candidate Leung Che-cheung,22.302711,114.177216,Hong Kong,188369,ForeignMinistry,Hong Kong legislative candidate Leung Che-cheung,,hk_ei_terms,07103dac09d576c45f0ebebdc2c92664,hk_ei_terms__07103dac09d576c45f0ebebdc2c92664
陳克勤,Hong Kong legislative candidate Gary Chan,22.302711,114.177216,Hong Kong,188369,IndustryTerm,Hong Kong legislative candidate Gary Chan,,hk_ei_terms,829897f280a1dffb3f8558249c1a776f,hk_ei_terms__829897f280a1dffb3f8558249c1a776f
葛珮帆,Hong Kong legislative candidate Elizabeth Quat,22.302711,114.177216,Hong Kong,188369,Consulates,Hong Kong legislative candidate Elizabeth Quat,,hk_ei_terms,ea0593127a062b262213723b8f346759,hk_ei_terms__ea0593127a062b262213723b8f346759
何俊賢,Hong Kong legislative candidate Steven Ho,22.302711,114.177216,Hong Kong,188369,CompanyKeyword,Hong Kong legislative candidate Steven Ho,,hk_ei_terms,e1e66b689915ede178204aafa2a47199,hk_ei_terms__e1e66b689915ede178204aafa2a47199
黃定光,Hong Kong legislative candidate Wong Ting-kwong,22.302711,114.177216,Hong Kong,188369,CompanyKeyword,Hong Kong legislative candidate Wong Ting-kwong,,hk_ei_terms,24b6e63b0ad52e774a534ca40fcb6b12,hk_ei_terms__24b6e63b0ad52e774a534ca40fcb6b12
劉國勳,Hong Kong legislative candidate Lau Kwok-fan,22.302711,114.177216,Hong Kong,188369,LegislativeCommittee,Hong Kong legislative candidate Lau Kwok-fan,,hk_ei_terms,d4dc2ce16a59eaab0c53758dee379742,hk_ei_terms__d4dc2ce16a59eaab0c53758dee379742
李慧琼,Hong Kong legislative candidate Starry Lee,22.302711,114.177216,Hong Kong,188369,Exec,Hong Kong legislative candidate Starry Lee,,hk_ei_terms,68eb7cc2ff0498ee440431eb67301a45,hk_ei_terms__68eb7cc2ff0498ee440431eb67301a45
周浩鼎,Hong Kong legislative candidate Holden Chow,22.302711,114.177216,Hong Kong,188369,Pipeline,Hong Kong legislative candidate Holden Chow,,hk_ei_terms,110d819d9e188591240a631ba2cdf183,hk_ei_terms__110d819d9e188591240a631ba2cdf183
梁君彥,Hong Kong legislative candidate Andrew Leung,22.302711,114.177216,Hong Kong,188369,AAEntity,Hong Kong legislative candidate Andrew Leung,,hk_ei_terms,345c07b625258e71448276f616dd66fd,hk_ei_terms__345c07b625258e71448276f616dd66fd
吳永嘉,Hong Kong legislative candidate Ng Wing-ka,22.302711,114.177216,Hong Kong,188369,space,Hong Kong legislative candidate Ng Wing-ka,,hk_ei_terms,fc9c006e87818d423226a3f97ccccbc6,hk_ei_terms__fc9c006e87818d423226a3f97ccccbc6
林健鋒,Hong Kong legislative candidate Jeffrey Lam,22.302711,114.177216,Hong Kong,188369,Refinery,Hong Kong legislative candidate Jeffrey Lam,,hk_ei_terms,70773b0a46b49d2633aa93929d16f175,hk_ei_terms__70773b0a46b49d2633aa93929d16f175
劉業強,Hong Kong legislative candidate Kenneth Lau,22.302711,114.177216,Hong Kong,188369,Keyphrase,Hong Kong legislative candidate Kenneth Lau,,hk_ei_terms,2c98618c6342d636b74c9d081eca5d52,hk_ei_terms__2c98618c6342d636b74c9d081eca5d52
張華峰,Hong Kong legislative candidate Christopher Cheung,22.302711,114.177216,Hong Kong,188369,Diplomat,Hong Kong legislative candidate Christopher Cheung,,hk_ei_terms,d1e9d5658de24eb619a911141304fe15,hk_ei_terms__d1e9d5658de24eb619a911141304fe15
石禮謙,Hong Kong legislative candidate Abraham Shek,22.302711,114.177216,Hong Kong,188369,Exec,Hong Kong legislative candidate Abraham Shek,,hk_ei_terms,8e1ca0344a2134548e0c93af9fbd0134,hk_ei_terms__8e1ca0344a2134548e0c93af9fbd0134
盧偉國,Hong Kong legislative candidate Lo Wai-kwok,22.302711,114.177216,Hong Kong,188369,DiplomaticFacilities,Hong Kong legislative candidate Lo Wai-kwok,,hk_ei_terms,31f6ff4619285df6935a4490a3ca9435,hk_ei_terms__31f6ff4619285df6935a4490a3ca9435
梁美芬,Hong Kong legislative candidate Priscilla Leung,22.302711,114.177216,Hong Kong,188369,Legislator,Hong Kong legislative candidate Priscilla Leung,,hk_ei_terms,bc5cee26b66b99415e0fc0d6b48ce6e4,hk_ei_terms__bc5cee26b66b99415e0fc0d6b48ce6e4
郭偉强,Hong Kong legislative candidate Kwok Wai-keung,22.302711,114.177216,Hong Kong,188369,CompanyKeyword,Hong Kong legislative candidate Kwok Wai-keung,,hk_ei_terms,ef0a4de26a09639e71c3a0bf6dcb8614,hk_ei_terms__ef0a4de26a09639e71c3a0bf6dcb8614
黃國健,Hong Kong legislative candidate Wong Kwok-kin,22.302711,114.177216,Hong Kong,188369,FTO,Hong Kong legislative candidate Wong Kwok-kin,,hk_ei_terms,99c8807cdbbf1999d14801f746cb6a95,hk_ei_terms__99c8807cdbbf1999d14801f746cb6a95
麥美娟,Hong Kong legislative candidate Alice Mak,22.302711,114.177216,Hong Kong,188369,Organization,Hong Kong legislative candidate Alice Mak,,hk_ei_terms,b2b7e1d701ad2a669f6c3425854bf088,hk_ei_terms__b2b7e1d701ad2a669f6c3425854bf088
陸頌雄,Hong Kong legislative candidate Luk Chung-hung,22.302711,114.177216,Hong Kong,188369,Keyphrase,Hong Kong legislative candidate Luk Chung-hung,,hk_ei_terms,375e625208abf4b1addbfded5edf6744,hk_ei_terms__375e625208abf4b1addbfded5edf6744
易志明,Hong Kong legislative candidate Frankie Yick,22.302711,114.177216,Hong Kong,188369,Legislator,Hong Kong legislative candidate Frankie Yick,,hk_ei_terms,03a39daf2c43827b3ee6e55d6fd67624,hk_ei_terms__03a39daf2c43827b3ee6e55d6fd67624
鍾國斌,Hong Kong legislative candidate Felix Chung,22.302711,114.177216,Hong Kong,188369,News,Hong Kong legislative candidate Felix Chung,,hk_ei_terms,cf71763f9ed157cad13287eb27f70e85,hk_ei_terms__cf71763f9ed157cad13287eb27f70e85
邵家輝,Hong Kong legislative candidate Peter Shiu,22.302711,114.177216,Hong Kong,188369,space,Hong Kong legislative candidate Peter Shiu,,hk_ei_terms,5d74b1153e3f15d6c358ad9a2b8ace46,hk_ei_terms__5d74b1153e3f15d6c358ad9a2b8ace46
張宇人,Hong Kong legislative candidate Tommy Cheung,22.302711,114.177216,Hong Kong,188369,Refinery,Hong Kong legislative candidate Tommy Cheung,,hk_ei_terms,7bfad5da85a15db8a75f3289f6e5970a,hk_ei_terms__7bfad5da85a15db8a75f3289f6e5970a
葉劉淑儀,Hong Kong legislative candidate Regina Ip,22.302711,114.177216,Hong Kong,188369,Shipping,Hong Kong legislative candidate Regina Ip,,hk_ei_terms,147a56520884b611c53412c6a08e65c9,hk_ei_terms__147a56520884b611c53412c6a08e65c9
容海恩,Hong Kong legislative candidate Eunice Yung,22.302711,114.177216,Hong Kong,188369,DiplomaticFacilities,Hong Kong legislative candidate Eunice Yung,,hk_ei_terms,78f0caf7b9891d408eec64650e537cd5,hk_ei_terms__78f0caf7b9891d408eec64650e537cd5
田北辰,Hong Kong legislative candidate Michael Tien,22.302711,114.177216,Hong Kong,188369,News,Hong Kong legislative candidate Michael Tien,,hk_ei_terms,2d938c0a21b792fcd6439cc043680fef,hk_ei_terms__2d938c0a21b792fcd6439cc043680fef
horace cheung,Hong Kong legislative candidate Horace Cheung,22.302711,114.177216,Hong Kong,188369,Exec,Hong Kong legislative candidate Horace Cheung,,hk_ei_terms,9b0dd1e8df8693425b848c888aaa57a7,hk_ei_terms__9b0dd1e8df8693425b848c888aaa57a7
ann chiang,Hong Kong legislative candidate Ann Chiang,22.302711,114.177216,Hong Kong,188369,Consulates,Hong Kong legislative candidate Ann Chiang,,hk_ei_terms,f391ee6402b69d0d68b0e5957cc2afbe,hk_ei_terms__f391ee6402b69d0d68b0e5957cc2afbe
vincent cheng wing-shun,Hong Kong legislative candidate Vincent Cheng Wing-shun,22.302711,114.177216,Hong Kong,188369,ForeignMinistry,Hong Kong legislative candidate Vincent Cheng Wing-shun,,hk_ei_terms,3edf71e388f34bb7f52bb9c7f4f706e1,hk_ei_terms__3edf71e388f34bb7f52bb9c7f4f706e1
wilson or chong-shing,Hong Kong legislative candidate Wilson Or Chong-shing,22.302711,114.177216,Hong Kong,188369,FTO,Hong Kong legislative candidate Wilson Or Chong-shing,,hk_ei_terms,7ad16226269f1e116e098ec7f0ba864d,hk_ei_terms__7ad16226269f1e116e098ec7f0ba864d
ben chan,Hong Kong legislative candidate Ben Chan,22.302711,114.177216,Hong Kong,188369,Person,Hong Kong legislative candidate Ben Chan,,hk_ei_terms,e14d8a7a81389af0f4495fb6579dabca,hk_ei_terms__e14d8a7a81389af0f4495fb6579dabca
leung che-cheung,Hong Kong legislative candidate Leung Che-cheung,22.302711,114.177216,Hong Kong,188369,Person,Hong Kong legislative candidate Leung Che-cheung,,hk_ei_terms,07103dac09d576c45f0ebebdc2c92664,hk_ei_terms__07103dac09d576c45f0ebebdc2c92664
gary chan,Hong Kong legislative candidate Gary Chan,22.302711,114.177216,Hong Kong,188369,Organization,Hong Kong legislative candidate Gary Chan,,hk_ei_terms,829897f280a1dffb3f8558249c1a776f,hk_ei_terms__829897f280a1dffb3f8558249c1a776f
elizabeth quat,Hong Kong legislative candidate Elizabeth Quat,22.302711,114.177216,Hong Kong,188369,AAEntity,Hong Kong legislative candidate Elizabeth Quat,,hk_ei_terms,ea0593127a062b262213723b8f346759,hk_ei_terms__ea0593127a062b262213723b8f346759
steven ho,Hong Kong legislative candidate Steven Ho,22.302711,114.177216,Hong Kong,188369,Organization,Hong Kong legislative candidate Steven Ho,,hk_ei_terms,e1e66b689915ede178204aafa2a47199,hk_ei_terms__e1e66b689915ede178204aafa2a47199
wong ting-kwong,Hong Kong legislative candidate Wong Ting-kwong,22.302711,114.177216,Hong Kong,188369,space,Hong Kong legislative candidate Wong Ting-kwong,,hk_ei_terms,24b6e63b0ad52e774a534ca40fcb6b12,hk_ei_terms__24b6e63b0ad52e774a534ca40fcb6b12
lau kwok-fan,Hong Kong legislative candidate Lau Kwok-fan,22.302711,114.177216,Hong Kong,188369,Keyphrase,Hong Kong legislative candidate Lau Kwok-fan,,hk_ei_terms,d4dc2ce16a59eaab0c53758dee379742,hk_ei_terms__d4dc2ce16a59eaab0c53758dee379742
starry lee,Hong Kong legislative candidate Starry Lee,22.302711,114.177216,Hong Kong,188369,Legislator,Hong Kong legislative candidate Starry Lee,,hk_ei_terms,68eb7cc2ff0498ee440431eb67301a45,hk_ei_terms__68eb7cc2ff0498ee440431eb67301a45
holden chow,Hong Kong legislative candidate Holden Chow,22.302711,114.177216,Hong Kong,188369,Media,Hong Kong legislative candidate Holden Chow,,hk_ei_terms,110d819d9e188591240a631ba2cdf183,hk_ei_terms__110d819d9e188591240a631ba2cdf183
andrew leung,Hong Kong legislative candidate Andrew Leung,22.302711,114.177216,Hong Kong,188369,Refinery,Hong Kong legislative candidate Andrew Leung,,hk_ei_terms,345c07b625258e71448276f616dd66fd,hk_ei_terms__345c07b625258e71448276f616dd66fd
ng wing-ka,Hong Kong legislative candidate Ng Wing-ka,22.302711,114.177216,Hong Kong,188369,News,Hong Kong legislative candidate Ng Wing-ka,,hk_ei_terms,fc9c006e87818d423226a3f97ccccbc6,hk_ei_terms__fc9c006e87818d423226a3f97ccccbc6
jeffrey lam,Hong Kong legislative candidate Jeffrey Lam,22.302711,114.177216,Hong Kong,188369,Refinery,Hong Kong legislative candidate Jeffrey Lam,,hk_ei_terms,70773b0a46b49d2633aa93929d16f175,hk_ei_terms__70773b0a46b49d2633aa93929d16f175
kenneth lau,Hong Kong legislative candidate Kenneth Lau,22.302711,114.177216,Hong Kong,188369,DiplomaticFacilities,Hong Kong legislative candidate Kenneth Lau,,hk_ei_terms,2c98618c6342d636b74c9d081eca5d52,hk_ei_terms__2c98618c6342d636b74c9d081eca5d52
christopher cheung,Hong Kong legislative candidate Christopher Cheung,22.302711,114.177216,Hong Kong,188369,Keyphrase,Hong Kong legislative candidate Christopher Cheung,,hk_ei_terms,d1e9d5658de24eb619a911141304fe15,hk_ei_terms__d1e9d5658de24eb619a911141304fe15
abraham shek,Hong Kong legislative candidate Abraham Shek,22.302711,114.177216,Hong Kong,188369,ForeignMinistry,Hong Kong legislative candidate Abraham Shek,,hk_ei_terms,8e1ca0344a2134548e0c93af9fbd0134,hk_ei_terms__8e1ca0344a2134548e0c93af9fbd0134
lo wai-kwok,Hong Kong legislative candidate Lo Wai-kwok,22.302711,114.177216,Hong Kong,188369,IndustryTerm,Hong Kong legislative candidate Lo Wai-kwok,,hk_ei_terms,31f6ff4619285df6935a4490a3ca9435,hk_ei_terms__31f6ff4619285df6935a4490a3ca9435
priscilla leung,Hong Kong legislative candidate Priscilla Leung,22.302711,114.177216,Hong Kong,188369,Refinery,Hong Kong legislative candidate Priscilla Leung,,hk_ei_terms,bc5cee26b66b99415e0fc0d6b48ce6e4,hk_ei_terms__bc5cee26b66b99415e0fc0d6b48ce6e4
kwok wai-keung,Hong Kong legislative candidate Kwok Wai-keung,22.302711,114.177216,Hong Kong,188369,FTO,Hong Kong legislative candidate Kwok Wai-keung,,hk_ei_terms,ef0a4de26a09639e71c3a0bf6dcb8614,hk_ei_terms__ef0a4de26a09639e71c3a0bf6dcb8614
wong kwok-kin,Hong Kong legislative candidate Wong Kwok-kin,22.302711,114.177216,Hong Kong,188369,Diplomat,Hong Kong legislative candidate Wong Kwok-kin,,hk_ei_terms,99c8807cdbbf1999d14801f746cb6a95,hk_ei_terms__99c8807cdbbf1999d14801f746cb6a95
alice mak,Hong Kong legislative candidate Alice Mak,22.302711,114.177216,Hong Kong,188369,News,Hong Kong legislative candidate Alice Mak,,hk_ei_terms,b2b7e1d701ad2a669f6c3425854bf088,hk_ei_terms__b2b7e1d701ad2a669f6c3425854bf088
luk chung-hung,Hong Kong legislative candidate Luk Chung-hung,22.302711,114.177216,Hong Kong,188369,DiplomaticFacilities,Hong Kong legislative candidate Luk Chung-hung,,hk_ei_terms,375e625208abf4b1addbfded5edf6744,hk_ei_terms__375e625208abf4b1addbfded5edf6744
frankie yick,Hong Kong legislative candidate Frankie Yick,22.302711,114.177216,Hong Kong,188369,Consulates,Hong Kong legislative candidate Frankie Yick,,hk_ei_terms,03a39daf2c43827b3ee6e55d6fd67624,hk_ei_terms__03a39daf2c43827b3ee6e55d6fd67624
felix chung,Hong Kong legislative candidate Felix Chung,22.302711,114.177216,Hong Kong,188369,Keyphrase,Hong Kong legislative candidate Felix Chung,,hk_ei_terms,cf71763f9ed157cad13287eb27f70e85,hk_ei_terms__cf71763f9ed157cad13287eb27f70e85
peter shiu,Hong Kong legislative candidate Peter Shiu,22.302711,114.177216,Hong Kong,188369,Keyphrase,Hong Kong legislative candidate Peter Shiu,,hk_ei_terms,5d74b1153e3f15d6c358ad9a2b8ace46,hk_ei_terms__5d74b1153e3f15d6c358ad9a2b8ace46
tommy cheung,Hong Kong legislative candidate Tommy Cheung,22.302711,114.177216,Hong Kong,188369,Legislator,Hong Kong legislative candidate Tommy Cheung,,hk_ei_terms,7bfad5da85a15db8a75f3289f6e5970a,hk_ei_terms__7bfad5da85a15db8a75f3289f6e5970a
regina ip,Hong Kong legislative candidate Regina Ip,22.302711,114.177216,Hong Kong,188369,Exec,Hong Kong legislative candidate Regina Ip,,hk_ei_terms,147a56520884b611c53412c6a08e65c9,hk_ei_terms__147a56520884b611c53412c6a08e65c9
eunice yung,Hong Kong legislative candidate Eunice Yung,22.302711,114.177216,Hong Kong,188369,Media,Hong Kong legislative candidate Eunice Yung,,hk_ei_terms,78f0caf7b9891d408eec64650e537cd5,hk_ei_terms__78f0caf7b9891d408eec64650e537cd5
michael tien,Hong Kong legislative candidate Michael Tien,22.302711,114.177216,Hong Kong,188369,Pipeline,Hong Kong legislative candidate Michael Tien,,hk_ei_terms,2d938c0a21b792fcd6439cc043680fef,hk_ei_terms__2d938c0a21b792fcd6439cc043680fef
legco,Hong Kong Legislative Council,22.302711,114.177216,Hong Kong,188369,CompanyKeyword,Hong Kong Legislative Council,,hk_ei_terms,432051590cccdff9c0c879cbad431467,hk_ei_terms__432051590cccdff9c0c879cbad431467
national security law,Hong Kong National Security Law,22.302711,114.177216,Hong Kong,188369,IndustryTerm,Hong Kong National Security Law,,hk_ei_terms,a3cb6daa72355e5e29cd758a31146c41,hk_ei_terms__a3cb6daa72355e5e29cd758a31146c41
legislative council,Hong Kong Legislative Council,22.302711,114.177216,Hong Kong,188369,AAEntity,Hong Kong Legislative Council,,hk_ei_terms,432051590cccdff9c0c879cbad431467,hk_ei_terms__432051590cccdff9c0c879cbad431467
立法會,Hong Kong Legislative Council,22.302711,114.177216,Hong Kong,188369,Consulates,Hong Kong Legislative Council,,hk_ei_terms,432051590cccdff9c0c879cbad431467,hk_ei_terms__432051590cccdff9c0c879cbad431467
立法会,Hong Kong Legislative Council,22.302711,114.177216,Hong Kong,188369,DiplomaticFacilities,Hong Kong Legislative Council,,hk_ei_terms,432051590cccdff9c0c879cbad431467,hk_ei_terms__432051590cccdff9c0c879cbad431467
流料,fake information,22.302711,114.177216,Hong Kong,188369,IndustryTerm,fake information,,hk_ei_terms,24b8a9e3becd46da158c3aadf58da773,hk_ei_terms__24b8a9e3becd46da158c3aadf58da773
做票,ballot stuffing,22.302711,114.177216,Hong Kong,188369,FTO,ballot stuffing,,hk_ei_terms,edb1166796dd0b36a77ae92c39edb1d3,hk_ei_terms__edb1166796dd0b36a77ae92c39edb1d3
种票,vote planting,22.302711,114.177216,Hong Kong,188369,Media,vote planting,,hk_ei_terms,590c563e95b8363dd773b73a1fdd0e51,hk_ei_terms__590c563e95b8363dd773b73a1fdd0e51
分裂國家,secession,22.302711,114.177216,Hong Kong,188369,Keyphrase,secession,,hk_ei_terms,fe8fbef3e72e6dfa0d0a3a934f39180f,hk_ei_terms__fe8fbef3e72e6dfa0d0a3a934f39180f
吁投白票,calls for blank votes,22.302711,114.177216,Hong Kong,188369,Shipping,calls for blank votes,,hk_ei_terms,5d8b548ec8899fa65d821015801dc943,hk_ei_terms__5d8b548ec8899fa65d821015801dc943
白票,blank votes,22.302711,114.177216,Hong Kong,188369,DiplomaticFacilities,blank votes,,hk_ei_terms,ee9d726daa29363f3e79e1a93a17f51f,hk_ei_terms__ee9d726daa29363f3e79e1a93a17f51f
fake information,fake information,22.302711,114.177216,Hong Kong,188369,Consulates,fake information,,hk_ei_terms,24b8a9e3becd46da158c3aadf58da773,hk_ei_terms__24b8a9e3becd46da158c3aadf58da773
ballot stuffing,ballot stuffing,22.302711,114.177216,Hong Kong,188369,Refinery,ballot stuffing,,hk_ei_terms,edb1166796dd0b36a77ae92c39edb1d3,hk_ei_terms__edb1166796dd0b36a77ae92c39edb1d3
vote planting,vote planting,22.302711,114.177216,Hong Kong,188369,Consulates,vote planting,,hk_ei_terms,590c563e95b8363dd773b73a1fdd0e51,hk_ei_terms__590c563e95b8363dd773b73a1fdd0e51
terrorism,terrorism,22.302711,114.177216,Hong Kong,188369,CompanyKeyword,terrorism,,hk_ei_terms,1b0471fb57c0eaeffe970689d8207ba6,hk_ei_terms__1b0471fb57c0eaeffe970689d8207ba6
collusion,collusion,22.302711,114.177216,Hong Kong,188369,Person,collusion,,hk_ei_terms,84fd2aa4a02721abcabe461c22330676,hk_ei_terms__84fd2aa4a02721abcabe461c22330676
calls for blank votes,calls for blank votes,22.302711,114.177216,Hong Kong,188369,Media,calls for blank votes,,hk_ei_terms,5d8b548ec8899fa65d821015801dc943,hk_ei_terms__5d8b548ec8899fa65d821015801dc943
blank votes,blank votes,22.302711,114.177216,Hong Kong,188369,Keyphrase,blank votes,,hk_ei_terms,ee9d726daa29363f3e79e1a93a17f51f,hk_ei_terms__ee9d726daa29363f3e79e1a93a17f51f
投票站,polling station,22.302711,114.177216,Hong Kong,188369,Pipeline,polling station,,hk_ei_terms,85732e020ad016b27344039a55324685,hk_ei_terms__85732e020ad016b27344039a55324685
投开票所,polling stations,22.302711,114.177216,Hong Kong,188369,Person,polling stations,,hk_ei_terms,dc365fbad9a91e7282e2cae025746d2c,hk_ei_terms__dc365fbad9a91e7282e2cae025746d2c
投票亭,polling booths,22.302711,114.177216,Hong Kong,188369,FTO,polling booths,,hk_ei_terms,3401e663afd3dd27a99323c91f1c910f,hk_ei_terms__3401e663afd3dd27a99323c91f1c910f
投票地點,voting locations,22.302711,114.177216,Hong Kong,188369,Keyphrase,voting locations,,hk_ei_terms,7405de31f0a722912a1169441c295127,hk_ei_terms__7405de31f0a722912a1169441c295127
投票機器,voting machines,22.302711,114.177216,Hong Kong,188369,space,voting machines,,hk_ei_terms,a82aa945a39c1d637462f106f3daf301,hk_ei_terms__a82aa945a39c1d637462f106f3daf301
選票,ballots,22.302711,114.177216,Hong Kong,188369,Shipping,ballots,,hk_ei_terms,06ecb554beff6a03babca6234edefde4,hk_ei_terms__06ecb554beff6a03babca6234edefde4
票匭,ballot boxes,22.302711,114.177216,Hong Kong,188369,Pipeline,ballot boxes,,hk_ei_terms,5ebbffc17b5289b0e59ea68252aad622,hk_ei_terms__5ebbffc17b5289b0e59ea68252aad622
林郑月娥,Hong Kong Chief Executive Carrie Lam,22.302711,114.177216,Hong Kong,188369,FTO,Hong Kong Chief Executive Carrie Lam,,hk_ei_terms,cb091f957fdb2f9ec2066dda031a5376,hk_ei_terms__cb091f957fdb2f9ec2066dda031a5376
carrie lam,Hong Kong Chief Executive Carrie Lam,22.302711,114.177216,Hong Kong,188369,space,Hong Kong Chief Executive Carrie Lam,,hk_ei_terms,cb091f957fdb2f9ec2066dda031a5376,hk_ei_terms__cb091f957fdb2f9ec2066dda031a5376
香港國安法,Hong Kong National Security Law,22.302711,114.177216,Hong Kong,188369,ForeignMinister,Hong Kong National Security Law,,hk_ei_terms,a3cb6daa72355e5e29cd758a31146c41,hk_ei_terms__a3cb6daa72355e5e29cd758a31146c41
香港 选举,Hong Kong Legislative Council election,22.302711,114.177216,Hong Kong,188369,Legislator,Hong Kong Legislative Council election,,hk_ei_terms,08c8ad8fc304344d9d8960f25457e3bd,hk_ei_terms__08c8ad8fc304344d9d8960f25457e3bd
選舉委員會,Hong Kong Election Committee,22.302711,114.177216,Hong Kong,188369,News,Hong Kong Election Committee,,hk_ei_terms,bd63f58bbe276a11c83017f815d71ac7,hk_ei_terms__bd63f58bbe276a11c83017f815d71ac7
選舉管理委員會,Hong Kong Electoral Affairs Commission,22.302711,114.177216,Hong Kong,188369,LegislativeCommittee,Hong Kong Electoral Affairs Commission,,hk_ei_terms,5adeade60667fe5c94566961c224a1b2,hk_ei_terms__5adeade60667fe5c94566961c224a1b2
民主建港協進聯盟,Democratic Alliance for the Betterment and Progress of Hong Kong,22.302711,114.177216,Hong Kong,188369,Person,Democratic Alliance for the Betterment and Progress of Hong Kong,,hk_ei_terms,cf6477402d1459c5838e8c6e86ea43e1,hk_ei_terms__cf6477402d1459c5838e8c6e86ea43e1
香港經濟民生聯盟,Business and Professionals Alliance for Hong Kong,22.302711,114.177216,Hong Kong,188369,Media,Business and Professionals Alliance for Hong Kong,,hk_ei_terms,87bf7b39ad6c0a01b26454bb9535c7be,hk_ei_terms__87bf7b39ad6c0a01b26454bb9535c7be
香港工會聯合會,Hong Kong Federation of Trade Unions,22.302711,114.177216,Hong Kong,188369,Diplomat,Hong Kong Federation of Trade Unions,,hk_ei_terms,2d3c95c6284f3d5aef6ead4e790dee53,hk_ei_terms__2d3c95c6284f3d5aef6ead4e790dee53
自由黨,Liberal Party,22.302711,114.177216,Hong Kong,188369,Pipeline,Liberal Party,,hk_ei_terms,e5f7440bd5f1daebac363d8c16cdfec4,hk_ei_terms__e5f7440bd5f1daebac363d8c16cdfec4
新民黨,New People's Party,22.302711,114.177216,Hong Kong,188369,ForeignMinister,New People's Party,,hk_ei_terms,30f87e316973cd9c294d19a999627774,hk_ei_terms__30f87e316973cd9c294d19a999627774
#legco,Hong Kong Legislative Council election,22.302711,114.177216,Hong Kong,188369,ForeignMinistry,Hong Kong Legislative Council election,,hk_ei_terms,08c8ad8fc304344d9d8960f25457e3bd,hk_ei_terms__08c8ad8fc304344d9d8960f25457e3bd
#legco2020,Hong Kong Legislative Council election,22.302711,114.177216,Hong Kong,188369,Shipping,Hong Kong Legislative Council election,,hk_ei_terms,08c8ad8fc304344d9d8960f25457e3bd,hk_ei_terms__08c8ad8fc304344d9d8960f25457e3bd
#hkelection,Hong Kong Legislative Council election,22.302711,114.177216,Hong Kong,188369,Wells,Hong Kong Legislative Council election,,hk_ei_terms,08c8ad8fc304344d9d8960f25457e3bd,hk_ei_terms__08c8ad8fc304344d9d8960f25457e3bd
#legislativecouncil,Hong Kong Legislative Council election,22.302711,114.177216,Hong Kong,188369,CompanyKeyword,Hong Kong Legislative Council election,,hk_ei_terms,08c8ad8fc304344d9d8960f25457e3bd,hk_ei_terms__08c8ad8fc304344d9d8960f25457e3bd
#electioncommittee,Hong Kong Legislative Council election,22.302711,114.177216,Hong Kong,188369,Shipping,Hong Kong Legislative Council election,,hk_ei_terms,08c8ad8fc304344d9d8960f25457e3bd,hk_ei_terms__08c8ad8fc304344d9d8960f25457e3bd
#hklegislativecouncil,Hong Kong Legislative Council election,22.302711,114.177216,Hong Kong,188369,News,Hong Kong Legislative Council election,,hk_ei_terms,08c8ad8fc304344d9d8960f25457e3bd,hk_ei_terms__08c8ad8fc304344d9d8960f25457e3bd
#hkdemocracy,Hong Kong Legislative Council election,22.302711,114.177216,Hong Kong,188369,LegislativeCommittee,Hong Kong Legislative Council election,,hk_ei_terms,08c8ad8fc304344d9d8960f25457e3bd,hk_ei_terms__08c8ad8fc304344d9d8960f25457e3bd
#hklegco,Hong Kong Legislative Council election,22.302711,114.177216,Hong Kong,188369,space,Hong Kong Legislative Council election,,hk_ei_terms,08c8ad8fc304344d9d8960f25457e3bd,hk_ei_terms__08c8ad8fc304344d9d8960f25457e3bd
#hklegi,Hong Kong Legislative Council election,22.302711,114.177216,Hong Kong,188369,Refinery,Hong Kong Legislative Council election,,hk_ei_terms,08c8ad8fc304344d9d8960f25457e3bd,hk_ei_terms__08c8ad8fc304344d9d8960f25457e3bd
#hklegcoelection,Hong Kong Legislative Council election,22.302711,114.177216,Hong Kong,188369,Legislator,Hong Kong Legislative Council election,,hk_ei_terms,08c8ad8fc304344d9d8960f25457e3bd,hk_ei_terms__08c8ad8fc304344d9d8960f25457e3bd
#2021councilelection,Hong Kong Legislative Council election,22.302711,114.177216,Hong Kong,188369,Pipeline,Hong Kong Legislative Council election,,hk_ei_terms,08c8ad8fc304344d9d8960f25457e3bd,hk_ei_terms__08c8ad8fc304344d9d8960f25457e3bd
#选举舞弊,election fraud,22.302711,114.177216,Hong Kong,188369,CompanyKeyword,election fraud,,hk_ei_terms,2b0db3673666cb882549939d4992faa2,hk_ei_terms__2b0db3673666cb882549939d4992faa2
#種票,vote planting,22.302711,114.177216,Hong Kong,188369,AAEntity,vote planting,,hk_ei_terms,590c563e95b8363dd773b73a1fdd0e51,hk_ei_terms__590c563e95b8363dd773b73a1fdd0e51
#掌心雷,confusing ballots,22.302711,114.177216,Hong Kong,188369,DiplomaticFacilities,confusing ballots,,hk_ei_terms,ca30ad1829f0ad17e7ae59aec08a4d22,hk_ei_terms__ca30ad1829f0ad17e7ae59aec08a4d22
#做票,ballot stuffing,22.302711,114.177216,Hong Kong,188369,ForeignMinistry,ballot stuffing,,hk_ei_terms,edb1166796dd0b36a77ae92c39edb1d3,hk_ei_terms__edb1166796dd0b36a77ae92c39edb1d3
#hkpolicestate,Hong Kong government structure,22.302711,114.177216,Hong Kong,188369,Legislator,Hong Kong government structure,,hk_ei_terms,478c96a0969a01ce79c964f5559ff30f,hk_ei_terms__478c96a0969a01ce79c964f5559ff30f
#legcocoup,Hong Kong Legislative Council election,22.302711,114.177216,Hong Kong,188369,IndustryTerm,Hong Kong Legislative Council election,,hk_ei_terms,08c8ad8fc304344d9d8960f25457e3bd,hk_ei_terms__08c8ad8fc304344d9d8960f25457e3bd
#hkprocommunist,Hong Kong Legislative Council election,22.302711,114.177216,Hong Kong,188369,ForeignMinistry,Hong Kong Legislative Council election,,hk_ei_terms,08c8ad8fc304344d9d8960f25457e3bd,hk_ei_terms__08c8ad8fc304344d9d8960f25457e3bd
#bloodycarrie,Hong Kong Legislative Council election,22.302711,114.177216,Hong Kong,188369,LegislativeCommittee,Hong Kong Legislative Council election,,hk_ei_terms,08c8ad8fc304344d9d8960f25457e3bd,hk_ei_terms__08c8ad8fc304344d9d8960f25457e3bd
#hkpolicestate,Hong Kong Legislative Council election,22.302711,114.177216,Hong Kong,188369,FTO,Hong Kong Legislative Council election,,hk_ei_terms,08c8ad8fc304344d9d8960f25457e3bd,hk_ei_terms__08c8ad8fc304344d9d8960f25457e3bd
#boycotthk,Hong Kong Legislative Council election,22.302711,114.177216,Hong Kong,188369,Keyphrase,Hong Kong Legislative Council election,,hk_ei_terms,08c8ad8fc304344d9d8960f25457e3bd,hk_ei_terms__08c8ad8fc304344d9d8960f25457e3bd
#sanctionhk,Hong Kong Legislative Council election,22.302711,114.177216,Hong Kong,188369,Pipeline,Hong Kong Legislative Council election,,hk_ei_terms,08c8ad8fc304344d9d8960f25457e3bd,hk_ei_terms__08c8ad8fc304344d9d8960f25457e3bd
#sanctionhongkong,Hong Kong Legislative Council election,22.302711,114.177216,Hong Kong,188369,AAEntity,Hong Kong Legislative Council election,,hk_ei_terms,08c8ad8fc304344d9d8960f25457e3bd,hk_ei_terms__08c8ad8fc304344d9d8960f25457e3bd
#立法會,Hong Kong Legislative Council election,22.302711,114.177216,Hong Kong,188369,Person,Hong Kong Legislative Council election,,hk_ei_terms,08c8ad8fc304344d9d8960f25457e3bd,hk_ei_terms__08c8ad8fc304344d9d8960f25457e3bd
#選委會,Hong Kong Legislative Council election,22.302711,114.177216,Hong Kong,188369,Media,Hong Kong Legislative Council election,,hk_ei_terms,08c8ad8fc304344d9d8960f25457e3bd,hk_ei_terms__08c8ad8fc304344d9d8960f25457e3bd
#愛國者治港,Hong Kong Legislative Council election,22.302711,114.177216,Hong Kong,188369,IndustryTerm,Hong Kong Legislative Council election,,hk_ei_terms,08c8ad8fc304344d9d8960f25457e3bd,hk_ei_terms__08c8ad8fc304344d9d8960f25457e3bd
#新一屆立法會議員,Hong Kong Legislative Council election,22.302711,114.177216,Hong Kong,188369,IndustryTerm,Hong Kong Legislative Council election,,hk_ei_terms,08c8ad8fc304344d9d8960f25457e3bd,hk_ei_terms__08c8ad8fc304344d9d8960f25457e3bd
#legislativecouncil,Hong Kong Legislative Council election,22.302711,114.177216,Hong Kong,188369,IndustryTerm,Hong Kong Legislative Council election,,hk_ei_terms,08c8ad8fc304344d9d8960f25457e3bd,hk_ei_terms__08c8ad8fc304344d9d8960f25457e3bd
#electioncommittee,Hong Kong Legislative Council election,22.302711,114.177216,Hong Kong,188369,News,Hong Kong Legislative Council election,,hk_ei_terms,08c8ad8fc304344d9d8960f25457e3bd,hk_ei_terms__08c8ad8fc304344d9d8960f25457e3bd
#patriotsgoverninghongkong,Hong Kong Legislative Council election,22.302711,114.177216,Hong Kong,188369,FTO,Hong Kong Legislative Council election,,hk_ei_terms,08c8ad8fc304344d9d8960f25457e3bd,hk_ei_terms__08c8ad8fc304344d9d8960f25457e3bd
#memberofthenewlegislativecouncil,Hong Kong Legislative Council election,22.302711,114.177216,Hong Kong,188369,LegislativeCommittee,Hong Kong Legislative Council election,,hk_ei_terms,08c8ad8fc304344d9d8960f25457e3bd,hk_ei_terms__08c8ad8fc304344d9d8960f25457e3bd
@nathanlawkc,Pro-democracy activist Nathan Law,22.302711,114.177216,Hong Kong,188369,Pipeline,Pro-democracy activist Nathan Law,,hk_ei_terms,16085e415d63a9bf1b31ec40d2b2184a,hk_ei_terms__16085e415d63a9bf1b31ec40d2b2184a
@sunnycheungky,Pro-democracy activist Sunny Cheung,22.302711,114.177216,Hong Kong,188369,LegislativeCommittee,Pro-democracy activist Sunny Cheung,,hk_ei_terms,128fb680af1b73708e313cc964fc25a4,hk_ei_terms__128fb680af1b73708e313cc964fc25a4
@joshuawongcf,Pro-democracy activist Joshua Wong,22.302711,114.177216,Hong Kong,188369,space,Pro-democracy activist Joshua Wong,,hk_ei_terms,ea27e7640b9e25a41d7b1d01ef0ecec6,hk_ei_terms__ea27e7640b9e25a41d7b1d01ef0ecec6
@chuhoidick,Pro-democracy activist Eddie Chu,22.302711,114.177216,Hong Kong,188369,Refinery,Pro-democracy activist Eddie Chu,,hk_ei_terms,f358538fdc4af7ad994cde798d4f2c3a,hk_ei_terms__f358538fdc4af7ad994cde798d4f2c3a
@chowtingagnes,Pro-democracy activist Agnes Chow,22.302711,114.177216,Hong Kong,188369,Media,Pro-democracy activist Agnes Chow,,hk_ei_terms,292b82aca7e604f084228dc93f13f4b4,hk_ei_terms__292b82aca7e604f084228dc93f13f4b4
@brianleungkp,Pro-democracy activist Brian Leung,22.302711,114.177216,Hong Kong,188369,LegislativeCommittee,Pro-democracy activist Brian Leung,,hk_ei_terms,6057086f6abadb86acf8bf9926911aee,hk_ei_terms__6057086f6abadb86acf8bf9926911aee
@finnlau_cd,Pro-democracy activist Finn Lau,22.302711,114.177216,Hong Kong,188369,Wells,Pro-democracy activist Finn Lau,,hk_ei_terms,37e382c20cdf4439a81f7ce0a6e30202,hk_ei_terms__37e382c20cdf4439a81f7ce0a6e30202
@frances_hui,Pro-democracy activist Frances Hui,22.302711,114.177216,Hong Kong,188369,ForeignMinistry,Pro-democracy activist Frances Hui,,hk_ei_terms,4eb8f67d8a0d4bc59fd3668d43512e4c,hk_ei_terms__4eb8f67d8a0d4bc59fd3668d43512e4c
@tedhuichuifung,Former district councillor Ted Hui,22.302711,114.177216,Hong Kong,188369,Consulates,Former district councillor Ted Hui,,hk_ei_terms,72ce5b2a8da6c8fda6d40c622394ba6f,hk_ei_terms__72ce5b2a8da6c8fda6d40c622394ba6f
@timothylee_hk,Former district councillor Timothy Lee,22.302711,114.177216,Hong Kong,188369,space,Former district councillor Timothy Lee,,hk_ei_terms,c4cfb847f07762951dd901bcf05b14e3,hk_ei_terms__c4cfb847f07762951dd901bcf05b14e3
@leungbaggio,Youngspiration convenor Baggio Leung,22.302711,114.177216,Hong Kong,188369,FTO,Youngspiration convenor Baggio Leung,,hk_ei_terms,087e91926c5e0c8b8f4c1facf34772c4,hk_ei_terms__087e91926c5e0c8b8f4c1facf34772c4
@hoccgoomusic,Singer and activist Denise Ho,22.302711,114.177216,Hong Kong,188369,Organization,Singer and activist Denise Ho,,hk_ei_terms,8cc7ee06ec0a680e0828ff2246752486,hk_ei_terms__8cc7ee06ec0a680e0828ff2246752486
@honcqueslaus,Pro-democracy activist Honcques Laus,22.302711,114.177216,Hong Kong,188369,Shipping,Pro-democracy activist Honcques Laus,,hk_ei_terms,84f35e01a306198d87397c292c57ff40,hk_ei_terms__84f35e01a306198d87397c292c57ff40
@jeffreychngo,Pro-democracy activist Jeffrey Ngo,22.302711,114.177216,Hong Kong,188369,space,Pro-democracy activist Jeffrey Ngo,,hk_ei_terms,462b82ec3ecc9e959da07eff0e723d10,hk_ei_terms__462b82ec3ecc9e959da07eff0e723d10
@holden_chow,Legistative Council member Holden Chow,22.302711,114.177216,Hong Kong,188369,AAEntity,Legistative Council member Holden Chow,,hk_ei_terms,afb13d189921e976bac67d6d4511cb45,hk_ei_terms__afb13d189921e976bac67d6d4511cb45
@wongjiyuet,Pro-democracy activist Wong Ji Yuet,22.302711,114.177216,Hong Kong,188369,Keyphrase,Pro-democracy activist Wong Ji Yuet,,hk_ei_terms,1275e19058c001b2cf973c1948b7dd6a,hk_ei_terms__1275e19058c001b2cf973c1948b7dd6a
@weiweidai4,Blogger Dai Weiwei,22.302711,114.177216,Hong Kong,188369,Refinery,Blogger Dai Weiwei,,hk_ei_terms,6a71722f684e015583917c19259537d4,hk_ei_terms__6a71722f684e015583917c19259537d4
@carlzha,Podcast host Carl Zha,22.302711,114.177216,Hong Kong,188369,Wells,Podcast host Carl Zha,,hk_ei_terms,fa1b8d0ede2f17b0bdf664f636fe62ee,hk_ei_terms__fa1b8d0ede2f17b0bdf664f636fe62ee
@notxiangyu,Blogger Xiang Yu,22.302711,114.177216,Hong Kong,188369,Person,Blogger Xiang Yu,,hk_ei_terms,1cf45a403c11e17b04547119a3c02413,hk_ei_terms__1cf45a403c11e17b04547119a3c02413
@mango_press_,Blog Mango Press,22.302711,114.177216,Hong Kong,188369,CompanyKeyword,Blog Mango Press,,hk_ei_terms,bd5e212505824729eff5c34a468e27a1,hk_ei_terms__bd5e212505824729eff5c34a468e27a1
@jingjing_li,Reporter Li Jingjing,22.302711,114.177216,Hong Kong,188369,DiplomaticFacilities,Reporter Li Jingjing,,hk_ei_terms,564fa99f270ced4a6817225db357c8bc,hk_ei_terms__564fa99f270ced4a6817225db357c8bc
@huxijin_gt,Global Times Editor Hu Xijin,22.302711,114.177216,Hong Kong,188369,Media,Global Times Editor Hu Xijin,,hk_ei_terms,b1315f6852a397747a5c664a6f699a52,hk_ei_terms__b1315f6852a397747a5c664a6f699a52
@hkpoliceforce,Hong Kong Police Hong Kong Police Force,22.302711,114.177216,Hong Kong,188369,Organization,Hong Kong Police Hong Kong Police Force,,hk_ei_terms,f7ba5803a7eee0d1f69268018d676f00,hk_ei_terms__f7ba5803a7eee0d1f69268018d676f00
@stanleyhowaiho1,District Councillor Stanley Ho,22.302711,114.177216,Hong Kong,188369,Legislator,District Councillor Stanley Ho,,hk_ei_terms,c3c74f8bce1b1e47ac0d0ab75d88edf5,hk_ei_terms__c3c74f8bce1b1e47ac0d0ab75d88edf5
@pokszeto,District Councillor Szeto Pok-man,22.302711,114.177216,Hong Kong,188369,Legislator,District Councillor Szeto Pok-man,,hk_ei_terms,a2396944394c103927ceb09d3b41ba71,hk_ei_terms__a2396944394c103927ceb09d3b41ba71
@tommycheungsy,District Councillor Tommy Cheung,22.302711,114.177216,Hong Kong,188369,ForeignMinister,District Councillor Tommy Cheung,,hk_ei_terms,b71a766e9e45e1fb2f0bf5960880096b,hk_ei_terms__b71a766e9e45e1fb2f0bf5960880096b
@chanpuiming,District Councillor Mike Chan,22.302711,114.177216,Hong Kong,188369,Refinery,District Councillor Mike Chan,,hk_ei_terms,c761ac00157a297f01b73b0d7130bcca,hk_ei_terms__c761ac00157a297f01b73b0d7130bcca
@cheuktinglam,Former district councillor Lam Cheuk-ting,22.302711,114.177216,Hong Kong,188369,Pipeline,Former district councillor Lam Cheuk-ting,,hk_ei_terms,91a8b1d66279743380e6caff125d420f,hk_ei_terms__91a8b1d66279743380e6caff125d420f
@willisfong,Former district councillor Willis Fong,22.302711,114.177216,Hong Kong,188369,FTO,Former district councillor Willis Fong,,hk_ei_terms,8bbc62680d9883caea4bc45fc72e82ee,hk_ei_terms__8bbc62680d9883caea4bc45fc72e82ee
@brandon_k_yip,District Councillor Brandon Yip,22.302711,114.177216,Hong Kong,188369,ForeignMinistry,District Councillor Brandon Yip,,hk_ei_terms,116ef24d3ff8c5e74331629e8c7eda34,hk_ei_terms__116ef24d3ff8c5e74331629e8c7eda34
@clarisseysy,Former district councillor Clarisse Yeung,22.302711,114.177216,Hong Kong,188369,Keyphrase,Former district councillor Clarisse Yeung,,hk_ei_terms,8fadbae446e2470b250ee0ddf01ca636,hk_ei_terms__8fadbae446e2470b250ee0ddf01ca636
@kennethl_legco,Former legislative council member Kenneth Leung,22.302711,114.177216,Hong Kong,188369,Shipping,Former legislative council member Kenneth Leung,,hk_ei_terms,55ab928efab9dd85563a1ce6af205c2a,hk_ei_terms__55ab928efab9dd85563a1ce6af205c2a
@ramonyuen3,District Councillor Ramon Yuen,22.302711,114.177216,Hong Kong,188369,FTO,District Councillor Ramon Yuen,,hk_ei_terms,84180899afc7e2378de9e88da194e068,hk_ei_terms__84180899afc7e2378de9e88da194e068
@chhung10,Former district councillor C H Hung,22.302711,114.177216,Hong Kong,188369,Wells,Former district councillor C H Hung,,hk_ei_terms,2115f8228c0f8b66616a8bbe5ee14f98,hk_ei_terms__2115f8228c0f8b66616a8bbe5ee14f98
@kwongchunyu,District Councillor Roy Kwong,22.302711,114.177216,Hong Kong,188369,AAEntity,District Councillor Roy Kwong,,hk_ei_terms,04aae4ea5912088210db7cf3a7e5c96f,hk_ei_terms__04aae4ea5912088210db7cf3a7e5c96f
@denniswhkwok,Former legislative council member Dennis Kwok,22.302711,114.177216,Hong Kong,188369,Shipping,Former legislative council member Dennis Kwok,,hk_ei_terms,491209abb4c04aa4c6febed853785cdb,hk_ei_terms__491209abb4c04aa4c6febed853785cdb
@tiffanyykw,Former district councillor Tiffany Yuen,22.302711,114.177216,Hong Kong,188369,IndustryTerm,Former district councillor Tiffany Yuen,,hk_ei_terms,f4725dacbc6f23b73eb00f34f7e2c75e,hk_ei_terms__f4725dacbc6f23b73eb00f34f7e2c75e
@leotlchu,District Councillor Leo Chu,22.302711,114.177216,Hong Kong,188369,News,District Councillor Leo Chu,,hk_ei_terms,277ae3fa9a6221aa81d183d3ca5fbdd9,hk_ei_terms__277ae3fa9a6221aa81d183d3ca5fbdd9
@carmenkamanlau,Former district councillor Carmen Lau,22.302711,114.177216,Hong Kong,188369,Media,Former district councillor Carmen Lau,,hk_ei_terms,cc7c4e4dc67568128fb50c6c0d1a770d,hk_ei_terms__cc7c4e4dc67568128fb50c6c0d1a770d
@clarawanchai,District Councillor Clara Cheung,22.302711,114.177216,Hong Kong,188369,ForeignMinistry,District Councillor Clara Cheung,,hk_ei_terms,2c5f66c97c3ed258e17fdd3152e6a25f,hk_ei_terms__2c5f66c97c3ed258e17fdd3152e6a25f
@kaholee_cp,Former district councillor Ka Ho-lee,22.302711,114.177216,Hong Kong,188369,CompanyKeyword,Former district councillor Ka Ho-lee,,hk_ei_terms,a084366e3f7a78d24a26d06a05f6dc76,hk_ei_terms__a084366e3f7a78d24a26d06a05f6dc76
@kwoktinlap,Former district councillor Tony Kwok,22.302711,114.177216,Hong Kong,188369,ForeignMinister,Former district councillor Tony Kwok,,hk_ei_terms,09e052cff82df3d9f78573b323a70410,hk_ei_terms__09e052cff82df3d9f78573b323a70410
@lslbecky,District Councillor Becky Li,22.302711,114.177216,Hong Kong,188369,Person,District Councillor Becky Li,,hk_ei_terms,3a20a54aa6a23f094383951cc3a89097,hk_ei_terms__3a20a54aa6a23f094383951cc3a89097
@oktinau,Former legislative council member Au Nok-hin,22.302711,114.177216,Hong Kong,188369,Organization,Former legislative council member Au Nok-hin,,hk_ei_terms,deae53e8d5be40d104ef26acf4f7b4b6,hk_ei_terms__deae53e8d5be40d104ef26acf4f7b4b6
@chengchungtai,Former legislative council member Cheng Chung-tai,22.302711,114.177216,Hong Kong,188369,Exec,Former legislative council member Cheng Chung-tai,,hk_ei_terms,dac9d07ce7a49c273f8def4a99d5d79b,hk_ei_terms__dac9d07ce7a49c273f8def4a99d5d79b
@kahosaiwan,District Councillor Jordan Pang,22.302711,114.177216,Hong Kong,188369,Exec,District Councillor Jordan Pang,,hk_ei_terms,792c430d668ec87612690dec18a16644,hk_ei_terms__792c430d668ec87612690dec18a16644
@lauchikitchris,Former district councillor Chris Lau,22.302711,114.177216,Hong Kong,188369,DiplomaticFacilities,Former district councillor Chris Lau,,hk_ei_terms,e97e6f8a1b973cbb91ca644a69cb0859,hk_ei_terms__e97e6f8a1b973cbb91ca644a69cb0859
@owanliowanli,Former district councillor Owan Li,22.302711,114.177216,Hong Kong,188369,Diplomat,Former district councillor Owan Li,,hk_ei_terms,895ad23428989aaf40122a48e93a5f9c,hk_ei_terms__895ad23428989aaf40122a48e93a5f9c
@jimmyshamtszkit,Former Civil Human Rights Front convenor Jimmy Sham,22.302711,114.177216,Hong Kong,188369,CompanyKeyword,Former Civil Human Rights Front convenor Jimmy Sham,,hk_ei_terms,f5d1ccfb802fe25d12a2a050d83059de,hk_ei_terms__f5d1ccfb802fe25d12a2a050d83059de
@jannellerleung,Pro-democracy activist Janelle Leung,22.302711,114.177216,Hong Kong,188369,Wells,Pro-democracy activist Janelle Leung,,hk_ei_terms,919a62eb621c94033d4d6023ba4e0a7d,hk_ei_terms__919a62eb621c94033d4d6023ba4e0a7d
@emilylauwh,Former legislative council member Emily Lau,22.302711,114.177216,Hong Kong,188369,Wells,Former legislative council member Emily Lau,,hk_ei_terms,2abf27aab558ca4c5c7d7e895e8ab8b5,hk_ei_terms__2abf27aab558ca4c5c7d7e895e8ab8b5
@edithleung2,Former district councillor Edith Leung,22.302711,114.177216,Hong Kong,188369,Organization,Former district councillor Edith Leung,,hk_ei_terms,823a6b34d85821a4c8ca3038916e125d,hk_ei_terms__823a6b34d85821a4c8ca3038916e125d
@yauwaiching,Former legislative council member Yau Wai-ching,22.302711,114.177216,Hong Kong,188369,CompanyKeyword,Former legislative council member Yau Wai-ching,,hk_ei_terms,411f4c270495ef88e6ffcb4423ca4a9c,hk_ei_terms__411f4c270495ef88e6ffcb4423ca4a9c
@drkwanec,Former district councillor Kwan Ka-lun,22.302711,114.177216,Hong Kong,188369,Legislator,Former district councillor Kwan Ka-lun,,hk_ei_terms,7441bfba7b711f8b34c03165b09ecdbe,hk_ei_terms__7441bfba7b711f8b34c03165b09ecdbe
@alankahkitleong,Civic Party chairperson Alan Leung,22.302711,114.177216,Hong Kong,188369,News,Civic Party chairperson Alan Leung,,hk_ei_terms,e7fd8b5e3d9a68fc944ace1753118ef7,hk_ei_terms__e7fd8b5e3d9a68fc944ace1753118ef7
@chowsiulung,Hong Kong activist Herbert Chow,22.302711,114.177216,Hong Kong,188369,IndustryTerm,Hong Kong activist Herbert Chow,,hk_ei_terms,464eaf268f52d860746cff8a36eadbb1,hk_ei_terms__464eaf268f52d860746cff8a36eadbb1
@manyuen_ng,League of Social Democrats chairperson Avery Ng,22.302711,114.177216,Hong Kong,188369,Shipping,League of Social Democrats chairperson Avery Ng,,hk_ei_terms,f440e61f1d596b1928aee2e0f135530a,hk_ei_terms__f440e61f1d596b1928aee2e0f135530a
@michaelmohk,Former district councillor Michael Mo,22.302711,114.177216,Hong Kong,188369,AAEntity,Former district councillor Michael Mo,,hk_ei_terms,21ec6785bfab97a120b6288f691e1289,hk_ei_terms__21ec6785bfab97a120b6288f691e1289
@lokinhei,Democratic Party chairperson Lo Kin-hei,22.302711,114.177216,Hong Kong,188369,Organization,Democratic Party chairperson Lo Kin-hei,,hk_ei_terms,3b65a5fe67f4712939e3d7bf68498124,hk_ei_terms__3b65a5fe67f4712939e3d7bf68498124
@charlesmok,Former legislative council member Charles Mok,22.302711,114.177216,Hong Kong,188369,Media,Former legislative council member Charles Mok,,hk_ei_terms,b6ba261b724b69b6907cd48d91ebec47,hk_ei_terms__b6ba261b724b69b6907cd48d91ebec47
@lestershum,Former district councillor Lester Shum,22.302711,114.177216,Hong Kong,188369,Legislator,Former district councillor Lester Shum,,hk_ei_terms,79dc254640f73ed24455576829a2368a,hk_ei_terms__79dc254640f73ed24455576829a2368a
@nigelkwlee,Former district councillor Lee Ka-wai,22.302711,114.177216,Hong Kong,188369,space,Former district councillor Lee Ka-wai,,hk_ei_terms,0d89165bf431aac55c7c7bf09d471b72,hk_ei_terms__0d89165bf431aac55c7c7bf09d471b72
@samcheunghosum,Former district councillor Sam Cheung,22.302711,114.177216,Hong Kong,188369,Legislator,Former district councillor Sam Cheung,,hk_ei_terms,9e0cef715fa92880b613bc223b94b312,hk_ei_terms__9e0cef715fa92880b613bc223b94b312
@ray_wonghki,Pro-democracy activist Ray Wong,22.302711,114.177216,Hong Kong,188369,Diplomat,Pro-democracy activist Ray Wong,,hk_ei_terms,fe06e0c52f3d18ec110a48230cba3e98,hk_ei_terms__fe06e0c52f3d18ec110a48230cba3e98
@hongfenghuang,China Daily editor Wang Hao,22.302711,114.177216,Hong Kong,188369,Shipping,China Daily editor Wang Hao,,hk_ei_terms,d7497c24ba0f7ca1509b98dc16f86f46,hk_ei_terms__d7497c24ba0f7ca1509b98dc16f86f46
@kongtsunggan,Pro-democracy activist Kong Tsung-gan,22.302711,114.177216,Hong Kong,188369,News,Pro-democracy activist Kong Tsung-gan,,hk_ei_terms,5c4791dfea1dd1ff083884316aeecb05,hk_ei_terms__5c4791dfea1dd1ff083884316aeecb05
@richscotford,Pro-democracy activist Rich Scotford,22.302711,114.177216,Hong Kong,188369,Wells,Pro-democracy activist Rich Scotford,,hk_ei_terms,d4a869fa8fb1e9979d910bb14224293d,hk_ei_terms__d4a869fa8fb1e9979d910bb14224293d
@elmeryuen,Pro-democracy activist Elmer Yuen,22.302711,114.177216,Hong Kong,188369,Consulates,Pro-democracy activist Elmer Yuen,,hk_ei_terms,f05666ef22ff1132b0c9baaf62569d2a,hk_ei_terms__f05666ef22ff1132b0c9baaf62569d2a
@uryuhirano,Pro-democracy activist Uryu Hirano,22.302711,114.177216,Hong Kong,188369,ForeignMinistry,Pro-democracy activist Uryu Hirano,,hk_ei_terms,388449bb42a28036d6cf3da09bebb62d,hk_ei_terms__388449bb42a28036d6cf3da09bebb62d
@kwailamho,Pro-democracy activist Gwyneth Ho,22.302711,114.177216,Hong Kong,188369,Shipping,Pro-democracy activist Gwyneth Ho,,hk_ei_terms,91e2cf7fa1c17ecafcb8385ff33ecc54,hk_ei_terms__91e2cf7fa1c17ecafcb8385ff33ecc54
@yttai,Occupy Central founder Benny Tai,22.302711,114.177216,Hong Kong,188369,CompanyKeyword,Occupy Central founder Benny Tai,,hk_ei_terms,23fb2e244ed2f036acd091058f7674b0,hk_ei_terms__23fb2e244ed2f036acd091058f7674b0
@hksamyip,Former district councillor Sam Yip,22.302711,114.177216,Hong Kong,188369,AAEntity,Former district councillor Sam Yip,,hk_ei_terms,8034935f8be8396bb4d096d53931304b,hk_ei_terms__8034935f8be8396bb4d096d53931304b
@samuelmchu,Pro-democracy activist Samuel Chu,22.302711,114.177216,Hong Kong,188369,Person,Pro-democracy activist Samuel Chu,,hk_ei_terms,8465ca0b10488168e7c98fd4151b921a,hk_ei_terms__8465ca0b10488168e7c98fd4151b921a
@hkliberty_team,Pro-democracy group Hong Kong Liberty,22.302711,114.177216,Hong Kong,188369,ForeignMinister,Pro-democracy group Hong Kong Liberty,,hk_ei_terms,2456cca22458d1f860cc28c925658748,hk_ei_terms__2456cca22458d1f860cc28c925658748
@hkglobalconnect,Pro-democracy group Hong Kong Global Connect,22.302711,114.177216,Hong Kong,188369,Wells,Pro-democracy group Hong Kong Global Connect,,hk_ei_terms,cb42dd6122edda1a26f097d683429ec8,hk_ei_terms__cb42dd6122edda1a26f097d683429ec8
@citizenspc,Pro-democracy group Citizens' Press Conference,22.302711,114.177216,Hong Kong,188369,IndustryTerm,Pro-democracy group Citizens' Press Conference,,hk_ei_terms,0991a6cb0ade658e23ce6cd704317624,hk_ei_terms__0991a6cb0ade658e23ce6cd704317624
@freedomhkg,Pro-democracy group Freedom Hong Kong,22.302711,114.177216,Hong Kong,188369,ForeignMinistry,Pro-democracy group Freedom Hong Kong,,hk_ei_terms,ecaefea9ffc9feb0b0af64ca82c086d0,hk_ei_terms__ecaefea9ffc9feb0b0af64ca82c086d0
@chrf_hk,Pro-democracy group Civil Human Rights Front,22.302711,114.177216,Hong Kong,188369,News,Pro-democracy group Civil Human Rights Front,,hk_ei_terms,fd1d346bd5c8daa1ae35da0ff3a18106,hk_ei_terms__fd1d346bd5c8daa1ae35da0ff3a18106
@stand_with_hk,Pro-democracy group Stand with Hong Kong,22.302711,114.177216,Hong Kong,188369,ForeignMinistry,Pro-democracy group Stand with Hong Kong,,hk_ei_terms,1ae00f58974e87dcb6f737862f1447d8,hk_ei_terms__1ae00f58974e87dcb6f737862f1447d8
@jwmc831,Pro-democracy activist Jim Wong,22.302711,114.177216,Hong Kong,188369,News,Pro-democracy activist Jim Wong,,hk_ei_terms,32963e963cc1d077fff14f7c0b3dc050,hk_ei_terms__32963e963cc1d077fff14f7c0b3dc050
@alvinllum,Reporter Alvin Lum,22.302711,114.177216,Hong Kong,188369,AAEntity,Reporter Alvin Lum,,hk_ei_terms,803445090416d5d117543d286414d588,hk_ei_terms__803445090416d5d117543d286414d588
@save12hkyouths,Pro-democracy group Save 12 HK Youths,22.302711,114.177216,Hong Kong,188369,LegislativeCommittee,Pro-democracy group Save 12 HK Youths,,hk_ei_terms,311affdbcfaceba3dc7ebf788f415239,hk_ei_terms__311affdbcfaceba3dc7ebf788f415239
@chenqiushi404,Chinese lawyer and activist Chen Qiushi,22.302711,114.177216,Hong Kong,188369,Diplomat,Chinese lawyer and activist Chen Qiushi,,hk_ei_terms,365aa2ebe2606c7027915cda2e5a9fda,hk_ei_terms__365aa2ebe2606c7027915cda2e5a9fda
@hkdc_us,Pro-democracy group Hong Kong Democracy Council,22.302711,114.177216,Hong Kong,188369,Wells,Pro-democracy group Hong Kong Democracy Council,,hk_ei_terms,6641f67b8641a6c106fa7387e6aea24a,hk_ei_terms__6641f67b8641a6c106fa7387e6aea24a
@jooeysiiu,Pro-democracy activist Joey Siu,22.302711,114.177216,Hong Kong,188369,ForeignMinister,Pro-democracy activist Joey Siu,,hk_ei_terms,7a2e2d22125247d97b8087fa5765b33a,hk_ei_terms__7a2e2d22125247d97b8087fa5765b33a
@hkhiiad,Pro-democracy group Hong Kong Higher Institutions International Affairs Delegation,22.302711,114.177216,Hong Kong,188369,LegislativeCommittee,Pro-democracy group Hong Kong Higher Institutions International Affairs Delegation,,hk_ei_terms,21d53ab7dcfa95ae17f5ab65d43a7f9e,hk_ei_terms__21d53ab7dcfa95ae17f5ab65d43a7f9e
@demosisto,Pro-democracy group Demosisto,22.302711,114.177216,Hong Kong,188369,Keyphrase,Pro-democracy group Demosisto,,hk_ei_terms,8a0af4f74c9c2809f406db0dc8007485,hk_ei_terms__8a0af4f74c9c2809f406db0dc8007485
@figochanhowun,Pro-democracy activist Figo Chan,22.302711,114.177216,Hong Kong,188369,ForeignMinistry,Pro-democracy activist Figo Chan,,hk_ei_terms,9636e8f2c513118e6a1e060f618889fc,hk_ei_terms__9636e8f2c513118e6a1e060f618889fc
@lukedepulford,Pro-democracy activist Luke De Pulford,22.302711,114.177216,Hong Kong,188369,FTO,Pro-democracy activist Luke De Pulford,,hk_ei_terms,5e848834a8de89146635421ccc04f57c,hk_ei_terms__5e848834a8de89146635421ccc04f57c
@sumlokkei,Reporter Sum Lok-kei,22.302711,114.177216,Hong Kong,188369,space,Reporter Sum Lok-kei,,hk_ei_terms,9211291347429fe8dd6139eb8190a94c,hk_ei_terms__9211291347429fe8dd6139eb8190a94c
@xinqisu,Reporter Su Xin-qi,22.302711,114.177216,Hong Kong,188369,News,Reporter Su Xin-qi,,hk_ei_terms,bf1301150b97a8b7b8a0b8a90c0e596b,hk_ei_terms__bf1301150b97a8b7b8a0b8a90c0e596b
@razvenhk,Reporter Razven,22.302711,114.177216,Hong Kong,188369,Exec,Reporter Razven,,hk_ei_terms,610aea9f0f90bf1909009be51f13fa27,hk_ei_terms__610aea9f0f90bf1909009be51f13fa27
@sophiemak1,Pro-democracy activist Sophie Mak,22.302711,114.177216,Hong Kong,188369,Legislator,Pro-democracy activist Sophie Mak,,hk_ei_terms,16e04bc5830d54a07f752de92b12666b,hk_ei_terms__16e04bc5830d54a07f752de92b12666b
@aaronmcn,Reporter Aaron McNicholas,22.302711,114.177216,Hong Kong,188369,Wells,Reporter Aaron McNicholas,,hk_ei_terms,43fb2a75dc7054e268598aac440f5b74,hk_ei_terms__43fb2a75dc7054e268598aac440f5b74
@rachel_cheung1,Reporter Rachel Cheung,22.302711,114.177216,Hong Kong,188369,CompanyKeyword,Reporter Rachel Cheung,,hk_ei_terms,e4810d1c746a36a77dc31fdb18ef7344,hk_ei_terms__e4810d1c746a36a77dc31fdb18ef7344
@xinwenxiaojie,Reporter Yuen Chan,22.302711,114.177216,Hong Kong,188369,Keyphrase,Reporter Yuen Chan,,hk_ei_terms,bc69e3ab0779106a3dbeb30220d38819,hk_ei_terms__bc69e3ab0779106a3dbeb30220d38819
@rhokilpatrick,Reporter Ryan Ho Kilpatrick,22.302711,114.177216,Hong Kong,188369,ForeignMinister,Reporter Ryan Ho Kilpatrick,,hk_ei_terms,b1e90ad85ec58be9da75e89aa7da4959,hk_ei_terms__b1e90ad85ec58be9da75e89aa7da4959
@hkdemocrats,Hong Kong Democratic Party Hong Kong Democratic Party,22.302711,114.177216,Hong Kong,188369,Keyphrase,Hong Kong Democratic Party Hong Kong Democratic Party,,hk_ei_terms,d1fba99f9c28c1943f00e831739113aa,hk_ei_terms__d1fba99f9c28c1943f00e831739113aa
@tomgrundy,Reporter Tom Grundy,22.302711,114.177216,Hong Kong,188369,FTO,Reporter Tom Grundy,,hk_ei_terms,c1fce4f449ff3f40f6e76f56deae4e64,hk_ei_terms__c1fce4f449ff3f40f6e76f56deae4e64
@timmysung,Reporter Timmy Sung,22.302711,114.177216,Hong Kong,188369,Diplomat,Reporter Timmy Sung,,hk_ei_terms,b41147067a652b3cc8841b74fbd0e844,hk_ei_terms__b41147067a652b3cc8841b74fbd0e844
@ssataline,Reporter Suzanne Sataline,22.302711,114.177216,Hong Kong,188369,Keyphrase,Reporter Suzanne Sataline,,hk_ei_terms,2370d0aa5fe6f7cb30868647785bdcb4,hk_ei_terms__2370d0aa5fe6f7cb30868647785bdcb4
@alvinllum,Reporter Alvin Lum,22.302711,114.177216,Hong Kong,188369,space,Reporter Alvin Lum,,hk_ei_terms,803445090416d5d117543d286414d588,hk_ei_terms__803445090416d5d117543d286414d588
@jerometaylor,Reporter Jerome Taylor,22.302711,114.177216,Hong Kong,188369,Legislator,Reporter Jerome Taylor,,hk_ei_terms,b7d46c791115a0f550d64dc39bc1e9b2,hk_ei_terms__b7d46c791115a0f550d64dc39bc1e9b2
@stegersaurus,Reporter Isabella Steger,22.302711,114.177216,Hong Kong,188369,LegislativeCommittee,Reporter Isabella Steger,,hk_ei_terms,8a36ff09db2c6d81c6795ad3349cd64a,hk_ei_terms__8a36ff09db2c6d81c6795ad3349cd64a
@laurelchor,Reporter Laurel Chor,22.302711,114.177216,Hong Kong,188369,Exec,Reporter Laurel Chor,,hk_ei_terms,d993b844fab2396d692d178da85ad8f2,hk_ei_terms__d993b844fab2396d692d178da85ad8f2
@krislc,Reporter Kris Cheng,22.302711,114.177216,Hong Kong,188369,Consulates,Reporter Kris Cheng,,hk_ei_terms,fe14c2b8f9055bbe148d3c1818bd9c11,hk_ei_terms__fe14c2b8f9055bbe148d3c1818bd9c11
@antd,Reporter Antony Dapiran,22.302711,114.177216,Hong Kong,188369,space,Reporter Antony Dapiran,,hk_ei_terms,da8083a1fb7ceb80ddf0172f87ea1256,hk_ei_terms__da8083a1fb7ceb80ddf0172f87ea1256
@reginaiplau,New People's Party chairperson Regina Ip,22.302711,114.177216,Hong Kong,188369,ForeignMinister,New People's Party chairperson Regina Ip,,hk_ei_terms,034ba27e2142c99cdcd8c591c6a7f0ba,hk_ei_terms__034ba27e2142c99cdcd8c591c6a7f0ba
@zlj517,Chinese Foreign Ministry Spokesperson Zhao Lijian,22.302711,114.177216,Hong Kong,188369,Legislator,Chinese Foreign Ministry Spokesperson Zhao Lijian,,hk_ei_terms,caedd63fac05bb2d803b121136a96f56,hk_ei_terms__caedd63fac05bb2d803b121136a96f56
@dominictsz,New People's Party politician Dominic Lee,22.302711,114.177216,Hong Kong,188369,DiplomaticFacilities,New People's Party politician Dominic Lee,,hk_ei_terms,09ca29705876890229a882540e69f532,hk_ei_terms__09ca29705876890229a882540e69f532
@joephychan,Former district councillor Joephy Chan,22.302711,114.177216,Hong Kong,188369,AAEntity,Former district councillor Joephy Chan,,hk_ei_terms,eec738cc9fbbd6ef877e9a5ef78ef5d9,hk_ei_terms__eec738cc9fbbd6ef877e9a5ef78ef5d9
@judychan45,New People's Party politician Judy Chan,22.302711,114.177216,Hong Kong,188369,Exec,New People's Party politician Judy Chan,,hk_ei_terms,9a2a0f0710a8433c9f9025e2d1315c10,hk_ei_terms__9a2a0f0710a8433c9f9025e2d1315c10
@adrianhosavehk,New People's Party politician Adrian Ho,22.302711,114.177216,Hong Kong,188369,Person,New People's Party politician Adrian Ho,,hk_ei_terms,5e2eb7c433dfca0e2bffca1dbd9c34a2,hk_ei_terms__5e2eb7c433dfca0e2bffca1dbd9c34a2
@nixielam,Hong Kong Election Committee member Nixie Lam,22.302711,114.177216,Hong Kong,188369,Media,Hong Kong Election Committee member Nixie Lam,,hk_ei_terms,1e63c82f9304dfd887c0a65f732be020,hk_ei_terms__1e63c82f9304dfd887c0a65f732be020
@newsgovhk,Hong Kong Government News Hong Kong Government News,22.302711,114.177216,Hong Kong,188369,Keyphrase,Hong Kong Government News Hong Kong Government News,,hk_ei_terms,829fb63260dcd14c33b60dfd50aee6cf,hk_ei_terms__829fb63260dcd14c33b60dfd50aee6cf
@epochtimeshk,Epoch Times HK,22.302711,114.177216,Hong Kong,188369,Legislator,Epoch Times HK,,hk_ei_terms,a8de59e4e0b4bc01dfa20b16e143c8ad,hk_ei_terms__a8de59e4e0b4bc01dfa20b16e143c8ad
@ezracheungtoto,Reporter Ezra Cheung,22.302711,114.177216,Hong Kong,188369,Legislator,Reporter Ezra Cheung,,hk_ei_terms,0d83ae94c2fef67fb8cf1ad60e5c8397,hk_ei_terms__0d83ae94c2fef67fb8cf1ad60e5c8397
@solomonyue,Republicans Overseas CEO Solomon Yue,22.302711,114.177216,Hong Kong,188369,Media,Republicans Overseas CEO Solomon Yue,,hk_ei_terms,7ad389e7fb2a4eb5789930e1d6c76435,hk_ei_terms__7ad389e7fb2a4eb5789930e1d6c76435
@spokespersonchn,Chinese Foreign Ministry spokesperson Hua Chunying,22.302711,114.177216,Hong Kong,188369,Wells,Chinese Foreign Ministry spokesperson Hua Chunying,,hk_ei_terms,805d65bef9b0825886aca07641126937,hk_ei_terms__805d65bef9b0825886aca07641126937