handle,caption_name,exclude_groups,ENTITY_LABEL,name,description,source,source_identifier,global_identifier
vguillermard,Defense reporter,,DiplomaticFacilities,Defense reporter,,milpress_mentioner,aaacac6e3e713fe9a68334b9c381dfbd,milpress_mentioner__aaacac6e3e713fe9a68334b9c381dfbd
vincentlamigeon,Defense reporter,,Organization,Defense reporter,,milpress_mentioner,aaacac6e3e713fe9a68334b9c381dfbd,milpress_mentioner__aaacac6e3e713fe9a68334b9c381dfbd
eslavin_stripes,Defense reporter,,Organization,Defense reporter,,milpress_mentioner,aaacac6e3e713fe9a68334b9c381dfbd,milpress_mentioner__aaacac6e3e713fe9a68334b9c381dfbd
john_vandiver,Defense reporter,,DiplomaticFacilities,Defense reporter,,milpress_mentioner,aaacac6e3e713fe9a68334b9c381dfbd,milpress_mentioner__aaacac6e3e713fe9a68334b9c381dfbd
cygnusx112,Defense reporter,,Keyphrase,Defense reporter,,milpress_mentioner,aaacac6e3e713fe9a68334b9c381dfbd,milpress_mentioner__aaacac6e3e713fe9a68334b9c381dfbd
arawnsley,Defense reporter,,space,Defense reporter,,milpress_mentioner,aaacac6e3e713fe9a68334b9c381dfbd,milpress_mentioner__aaacac6e3e713fe9a68334b9c381dfbd
cavasships,Defense reporter,,DiplomaticFacilities,Defense reporter,,milpress_mentioner,aaacac6e3e713fe9a68334b9c381dfbd,milpress_mentioner__aaacac6e3e713fe9a68334b9c381dfbd
combatair,Defense reporter,,FTO,Defense reporter,,milpress_mentioner,aaacac6e3e713fe9a68334b9c381dfbd,milpress_mentioner__aaacac6e3e713fe9a68334b9c381dfbd
marcusreports,Defense reporter,,Organization,Defense reporter,,milpress_mentioner,aaacac6e3e713fe9a68334b9c381dfbd,milpress_mentioner__aaacac6e3e713fe9a68334b9c381dfbd
phildstewart,Defense reporter,,Media,Defense reporter,,milpress_mentioner,aaacac6e3e713fe9a68334b9c381dfbd,milpress_mentioner__aaacac6e3e713fe9a68334b9c381dfbd
reutersaero,Defense reporter,,Media,Defense reporter,,milpress_mentioner,aaacac6e3e713fe9a68334b9c381dfbd,milpress_mentioner__aaacac6e3e713fe9a68334b9c381dfbd
mgerrydoyle,Defense reporter,,Diplomat,Defense reporter,,milpress_mentioner,aaacac6e3e713fe9a68334b9c381dfbd,milpress_mentioner__aaacac6e3e713fe9a68334b9c381dfbd
aviation_intel,Defense reporter,,ForeignMinister,Defense reporter,,milpress_mentioner,aaacac6e3e713fe9a68334b9c381dfbd,milpress_mentioner__aaacac6e3e713fe9a68334b9c381dfbd
henrikenhmann,Defense reporter,,News,Defense reporter,,milpress_mentioner,aaacac6e3e713fe9a68334b9c381dfbd,milpress_mentioner__aaacac6e3e713fe9a68334b9c381dfbd
thebaseleg,Defense reporter,,Person,Defense reporter,,milpress_mentioner,aaacac6e3e713fe9a68334b9c381dfbd,milpress_mentioner__aaacac6e3e713fe9a68334b9c381dfbd
chethankumartoi,Defense reporter,,Person,Defense reporter,,milpress_mentioner,aaacac6e3e713fe9a68334b9c381dfbd,milpress_mentioner__aaacac6e3e713fe9a68334b9c381dfbd
dperi84,Defense reporter,,Exec,Defense reporter,,milpress_mentioner,aaacac6e3e713fe9a68334b9c381dfbd,milpress_mentioner__aaacac6e3e713fe9a68334b9c381dfbd
p_vineeta,Defense reporter,,Exec,Defense reporter,,milpress_mentioner,aaacac6e3e713fe9a68334b9c381dfbd,milpress_mentioner__aaacac6e3e713fe9a68334b9c381dfbd
writetake,Defense reporter,,LegislativeCommittee,Defense reporter,,milpress_mentioner,aaacac6e3e713fe9a68334b9c381dfbd,milpress_mentioner__aaacac6e3e713fe9a68334b9c381dfbd
pradiprsagar,Defense reporter,,ForeignMinister,Defense reporter,,milpress_mentioner,aaacac6e3e713fe9a68334b9c381dfbd,milpress_mentioner__aaacac6e3e713fe9a68334b9c381dfbd
manupubby,Defense reporter,,DiplomaticFacilities,Defense reporter,,milpress_mentioner,aaacac6e3e713fe9a68334b9c381dfbd,milpress_mentioner__aaacac6e3e713fe9a68334b9c381dfbd
sneheshphilip,Defense reporter,,News,Defense reporter,,milpress_mentioner,aaacac6e3e713fe9a68334b9c381dfbd,milpress_mentioner__aaacac6e3e713fe9a68334b9c381dfbd
opallrome,Defense reporter,,Legislator,Defense reporter,,milpress_mentioner,aaacac6e3e713fe9a68334b9c381dfbd,milpress_mentioner__aaacac6e3e713fe9a68334b9c381dfbd
judaharigross,Defense reporter,,News,Defense reporter,,milpress_mentioner,aaacac6e3e713fe9a68334b9c381dfbd,milpress_mentioner__aaacac6e3e713fe9a68334b9c381dfbd
cencio4,Defense reporter,,LegislativeCommittee,Defense reporter,,milpress_mentioner,aaacac6e3e713fe9a68334b9c381dfbd,milpress_mentioner__aaacac6e3e713fe9a68334b9c381dfbd
kimgamel,Defense reporter,,ForeignMinister,Defense reporter,,milpress_mentioner,aaacac6e3e713fe9a68334b9c381dfbd,milpress_mentioner__aaacac6e3e713fe9a68334b9c381dfbd
joshjonsmith,Defense reporter,,CompanyKeyword,Defense reporter,,milpress_mentioner,aaacac6e3e713fe9a68334b9c381dfbd,milpress_mentioner__aaacac6e3e713fe9a68334b9c381dfbd
mahmouedgamal44,Defense reporter,,Exec,Defense reporter,,milpress_mentioner,aaacac6e3e713fe9a68334b9c381dfbd,milpress_mentioner__aaacac6e3e713fe9a68334b9c381dfbd
janearraf,Defense reporter,,LegislativeCommittee,Defense reporter,,milpress_mentioner,aaacac6e3e713fe9a68334b9c381dfbd,milpress_mentioner__aaacac6e3e713fe9a68334b9c381dfbd
naveed360,Defense reporter,,AAEntity,Defense reporter,,milpress_mentioner,aaacac6e3e713fe9a68334b9c381dfbd,milpress_mentioner__aaacac6e3e713fe9a68334b9c381dfbd
asirifernandolk,Defense reporter,,Legislator,Defense reporter,,milpress_mentioner,aaacac6e3e713fe9a68334b9c381dfbd,milpress_mentioner__aaacac6e3e713fe9a68334b9c381dfbd
kianpourworld,Defense reporter,,Media,Defense reporter,,milpress_mentioner,aaacac6e3e713fe9a68334b9c381dfbd,milpress_mentioner__aaacac6e3e713fe9a68334b9c381dfbd
rupaharia,Defense reporter,,News,Defense reporter,,milpress_mentioner,aaacac6e3e713fe9a68334b9c381dfbd,milpress_mentioner__aaacac6e3e713fe9a68334b9c381dfbd
los_fisher,Defense reporter,,FTO,Defense reporter,,milpress_mentioner,aaacac6e3e713fe9a68334b9c381dfbd,milpress_mentioner__aaacac6e3e713fe9a68334b9c381dfbd
chrisg_nsf,Defense reporter,,Pipeline,Defense reporter,,milpress_mentioner,aaacac6e3e713fe9a68334b9c381dfbd,milpress_mentioner__aaacac6e3e713fe9a68334b9c381dfbd
sandra_i_erwin,Defense reporter,,Diplomat,Defense reporter,,milpress_mentioner,aaacac6e3e713fe9a68334b9c381dfbd,milpress_mentioner__aaacac6e3e713fe9a68334b9c381dfbd
topol_mss27,Defense reporter,,Refinery,Defense reporter,,milpress_mentioner,aaacac6e3e713fe9a68334b9c381dfbd,milpress_mentioner__aaacac6e3e713fe9a68334b9c381dfbd
acapaccio,Defense reporter,,ForeignMinistry,Defense reporter,,milpress_mentioner,aaacac6e3e713fe9a68334b9c381dfbd,milpress_mentioner__aaacac6e3e713fe9a68334b9c381dfbd
adegrandpre,Defense reporter,,CompanyKeyword,Defense reporter,,milpress_mentioner,aaacac6e3e713fe9a68334b9c381dfbd,milpress_mentioner__aaacac6e3e713fe9a68334b9c381dfbd
alexwardvox,Defense reporter,,Consulates,Defense reporter,,milpress_mentioner,aaacac6e3e713fe9a68334b9c381dfbd,milpress_mentioner__aaacac6e3e713fe9a68334b9c381dfbd
amyfiscus,Defense reporter,,Legislator,Defense reporter,,milpress_mentioner,aaacac6e3e713fe9a68334b9c381dfbd,milpress_mentioner__aaacac6e3e713fe9a68334b9c381dfbd
andclev,Defense reporter,,ForeignMinistry,Defense reporter,,milpress_mentioner,aaacac6e3e713fe9a68334b9c381dfbd,milpress_mentioner__aaacac6e3e713fe9a68334b9c381dfbd
andrewtilghman,Defense reporter,,News,Defense reporter,,milpress_mentioner,aaacac6e3e713fe9a68334b9c381dfbd,milpress_mentioner__aaacac6e3e713fe9a68334b9c381dfbd
ashleytressel,Defense reporter,,Organization,Defense reporter,,milpress_mentioner,aaacac6e3e713fe9a68334b9c381dfbd,milpress_mentioner__aaacac6e3e713fe9a68334b9c381dfbd
avweekguy,Defense reporter,,CompanyKeyword,Defense reporter,,milpress_mentioner,aaacac6e3e713fe9a68334b9c381dfbd,milpress_mentioner__aaacac6e3e713fe9a68334b9c381dfbd
avweekleeann,Defense reporter,,Refinery,Defense reporter,,milpress_mentioner,aaacac6e3e713fe9a68334b9c381dfbd,milpress_mentioner__aaacac6e3e713fe9a68334b9c381dfbd
beverstine,Defense reporter,,Media,Defense reporter,,milpress_mentioner,aaacac6e3e713fe9a68334b9c381dfbd,milpress_mentioner__aaacac6e3e713fe9a68334b9c381dfbd
carlababbvoa,Defense reporter,,Legislator,Defense reporter,,milpress_mentioner,aaacac6e3e713fe9a68334b9c381dfbd,milpress_mentioner__aaacac6e3e713fe9a68334b9c381dfbd
carlwoog,Defense reporter,,Keyphrase,Defense reporter,,milpress_mentioner,aaacac6e3e713fe9a68334b9c381dfbd,milpress_mentioner__aaacac6e3e713fe9a68334b9c381dfbd
cbswalsh,Defense reporter,,Consulates,Defense reporter,,milpress_mentioner,aaacac6e3e713fe9a68334b9c381dfbd,milpress_mentioner__aaacac6e3e713fe9a68334b9c381dfbd
cdicksteindc,Defense reporter,,DiplomaticFacilities,Defense reporter,,milpress_mentioner,aaacac6e3e713fe9a68334b9c381dfbd,milpress_mentioner__aaacac6e3e713fe9a68334b9c381dfbd
ckubenbc,Defense reporter,,ForeignMinistry,Defense reporter,,milpress_mentioner,aaacac6e3e713fe9a68334b9c381dfbd,milpress_mentioner__aaacac6e3e713fe9a68334b9c381dfbd
connorobriennh,Defense reporter,,Legislator,Defense reporter,,milpress_mentioner,aaacac6e3e713fe9a68334b9c381dfbd,milpress_mentioner__aaacac6e3e713fe9a68334b9c381dfbd
danlamothe,Defense reporter,,IndustryTerm,Defense reporter,,milpress_mentioner,aaacac6e3e713fe9a68334b9c381dfbd,milpress_mentioner__aaacac6e3e713fe9a68334b9c381dfbd
davidlarter,Defense reporter,,space,Defense reporter,,milpress_mentioner,aaacac6e3e713fe9a68334b9c381dfbd,milpress_mentioner__aaacac6e3e713fe9a68334b9c381dfbd
defensebaron,Defense reporter,,Media,Defense reporter,,milpress_mentioner,aaacac6e3e713fe9a68334b9c381dfbd,milpress_mentioner__aaacac6e3e713fe9a68334b9c381dfbd
dougcameron,Defense reporter,,Media,Defense reporter,,milpress_mentioner,aaacac6e3e713fe9a68334b9c381dfbd,milpress_mentioner__aaacac6e3e713fe9a68334b9c381dfbd
drewbrooks,Defense reporter,,Refinery,Defense reporter,,milpress_mentioner,aaacac6e3e713fe9a68334b9c381dfbd,milpress_mentioner__aaacac6e3e713fe9a68334b9c381dfbd
elainemgrossman,Defense reporter,,Person,Defense reporter,,milpress_mentioner,aaacac6e3e713fe9a68334b9c381dfbd,milpress_mentioner__aaacac6e3e713fe9a68334b9c381dfbd
gameofschanz,Defense reporter,,FTO,Defense reporter,,milpress_mentioner,aaacac6e3e713fe9a68334b9c381dfbd,milpress_mentioner__aaacac6e3e713fe9a68334b9c381dfbd
garamonedodnews,Defense reporter,,Keyphrase,Defense reporter,,milpress_mentioner,aaacac6e3e713fe9a68334b9c381dfbd,milpress_mentioner__aaacac6e3e713fe9a68334b9c381dfbd
ginaaharkins,Defense reporter,,Shipping,Defense reporter,,milpress_mentioner,aaacac6e3e713fe9a68334b9c381dfbd,milpress_mentioner__aaacac6e3e713fe9a68334b9c381dfbd
hopeseck,Defense reporter,,Pipeline,Defense reporter,,milpress_mentioner,aaacac6e3e713fe9a68334b9c381dfbd,milpress_mentioner__aaacac6e3e713fe9a68334b9c381dfbd
ibd_grich,Defense reporter,,Exec,Defense reporter,,milpress_mentioner,aaacac6e3e713fe9a68334b9c381dfbd,milpress_mentioner__aaacac6e3e713fe9a68334b9c381dfbd
idreesali114,Defense reporter,,ForeignMinister,Defense reporter,,milpress_mentioner,aaacac6e3e713fe9a68334b9c381dfbd,milpress_mentioner__aaacac6e3e713fe9a68334b9c381dfbd
jackdetsch,Defense reporter,,DiplomaticFacilities,Defense reporter,,milpress_mentioner,aaacac6e3e713fe9a68334b9c381dfbd,milpress_mentioner__aaacac6e3e713fe9a68334b9c381dfbd
jacqklimas,Defense reporter,,Diplomat,Defense reporter,,milpress_mentioner,aaacac6e3e713fe9a68334b9c381dfbd,milpress_mentioner__aaacac6e3e713fe9a68334b9c381dfbd
jamesmartinrose,Defense reporter,,Shipping,Defense reporter,,milpress_mentioner,aaacac6e3e713fe9a68334b9c381dfbd,milpress_mentioner__aaacac6e3e713fe9a68334b9c381dfbd
jamiejmcintyre,Defense reporter,,AAEntity,Defense reporter,,milpress_mentioner,aaacac6e3e713fe9a68334b9c381dfbd,milpress_mentioner__aaacac6e3e713fe9a68334b9c381dfbd
jaredbkeller,Defense reporter,,AAEntity,Defense reporter,,milpress_mentioner,aaacac6e3e713fe9a68334b9c381dfbd,milpress_mentioner__aaacac6e3e713fe9a68334b9c381dfbd
jaysolomon,Defense reporter,,Organization,Defense reporter,,milpress_mentioner,aaacac6e3e713fe9a68334b9c381dfbd,milpress_mentioner__aaacac6e3e713fe9a68334b9c381dfbd
jbdimascio,Defense reporter,,Media,Defense reporter,,milpress_mentioner,aaacac6e3e713fe9a68334b9c381dfbd,milpress_mentioner__aaacac6e3e713fe9a68334b9c381dfbd
jeffschogol,Defense reporter,,AAEntity,Defense reporter,,milpress_mentioner,aaacac6e3e713fe9a68334b9c381dfbd,milpress_mentioner__aaacac6e3e713fe9a68334b9c381dfbd
jenjudson,Defense reporter,,Diplomat,Defense reporter,,milpress_mentioner,aaacac6e3e713fe9a68334b9c381dfbd,milpress_mentioner__aaacac6e3e713fe9a68334b9c381dfbd
jimlaporta,Defense reporter,,Person,Defense reporter,,milpress_mentioner,aaacac6e3e713fe9a68334b9c381dfbd,milpress_mentioner__aaacac6e3e713fe9a68334b9c381dfbd
jimmiklaszewski,Defense reporter,,IndustryTerm,Defense reporter,,milpress_mentioner,aaacac6e3e713fe9a68334b9c381dfbd,milpress_mentioner__aaacac6e3e713fe9a68334b9c381dfbd
jjgreenwtop,Defense reporter,,Diplomat,Defense reporter,,milpress_mentioner,aaacac6e3e713fe9a68334b9c381dfbd,milpress_mentioner__aaacac6e3e713fe9a68334b9c381dfbd
jlsdefense,Defense reporter,,DiplomaticFacilities,Defense reporter,,milpress_mentioner,aaacac6e3e713fe9a68334b9c381dfbd,milpress_mentioner__aaacac6e3e713fe9a68334b9c381dfbd
jmhdinger,Defense reporter,,Organization,Defense reporter,,milpress_mentioner,aaacac6e3e713fe9a68334b9c381dfbd,milpress_mentioner__aaacac6e3e713fe9a68334b9c381dfbd
jobywarrick,Defense reporter,,Diplomat,Defense reporter,,milpress_mentioner,aaacac6e3e713fe9a68334b9c381dfbd,milpress_mentioner__aaacac6e3e713fe9a68334b9c381dfbd
joertabet,Defense reporter,,Shipping,Defense reporter,,milpress_mentioner,aaacac6e3e713fe9a68334b9c381dfbd,milpress_mentioner__aaacac6e3e713fe9a68334b9c381dfbd
john_hudson,Defense reporter,,space,Defense reporter,,milpress_mentioner,aaacac6e3e713fe9a68334b9c381dfbd,milpress_mentioner__aaacac6e3e713fe9a68334b9c381dfbd
johnmdonnelly,Defense reporter,,Person,Defense reporter,,milpress_mentioner,aaacac6e3e713fe9a68334b9c381dfbd,milpress_mentioner__aaacac6e3e713fe9a68334b9c381dfbd
jon_harper_,Defense reporter,,Legislator,Defense reporter,,milpress_mentioner,aaacac6e3e713fe9a68334b9c381dfbd,milpress_mentioner__aaacac6e3e713fe9a68334b9c381dfbd
jonathanlanday,Defense reporter,,News,Defense reporter,,milpress_mentioner,aaacac6e3e713fe9a68334b9c381dfbd,milpress_mentioner__aaacac6e3e713fe9a68334b9c381dfbd
justindoubleday,Defense reporter,,LegislativeCommittee,Defense reporter,,milpress_mentioner,aaacac6e3e713fe9a68334b9c381dfbd,milpress_mentioner__aaacac6e3e713fe9a68334b9c381dfbd
kacurthoys,Defense reporter,,IndustryTerm,Defense reporter,,milpress_mentioner,aaacac6e3e713fe9a68334b9c381dfbd,milpress_mentioner__aaacac6e3e713fe9a68334b9c381dfbd
karoun,Defense reporter,,Pipeline,Defense reporter,,milpress_mentioner,aaacac6e3e713fe9a68334b9c381dfbd,milpress_mentioner__aaacac6e3e713fe9a68334b9c381dfbd
kendilaniannbc,Defense reporter,,ForeignMinistry,Defense reporter,,milpress_mentioner,aaacac6e3e713fe9a68334b9c381dfbd,milpress_mentioner__aaacac6e3e713fe9a68334b9c381dfbd
kimdozier,Defense reporter,,Consulates,Defense reporter,,milpress_mentioner,aaacac6e3e713fe9a68334b9c381dfbd,milpress_mentioner__aaacac6e3e713fe9a68334b9c381dfbd
kingstonareif,Defense reporter,,ForeignMinistry,Defense reporter,,milpress_mentioner,aaacac6e3e713fe9a68334b9c381dfbd,milpress_mentioner__aaacac6e3e713fe9a68334b9c381dfbd
kristina_wong,Defense reporter,,ForeignMinistry,Defense reporter,,milpress_mentioner,aaacac6e3e713fe9a68334b9c381dfbd,milpress_mentioner__aaacac6e3e713fe9a68334b9c381dfbd
kylemizokami,Defense reporter,,Legislator,Defense reporter,,milpress_mentioner,aaacac6e3e713fe9a68334b9c381dfbd,milpress_mentioner__aaacac6e3e713fe9a68334b9c381dfbd
laraseligman,Defense reporter,,LegislativeCommittee,Defense reporter,,milpress_mentioner,aaacac6e3e713fe9a68334b9c381dfbd,milpress_mentioner__aaacac6e3e713fe9a68334b9c381dfbd
lbaldor,Defense reporter,,FTO,Defense reporter,,milpress_mentioner,aaacac6e3e713fe9a68334b9c381dfbd,milpress_mentioner__aaacac6e3e713fe9a68334b9c381dfbd
lbarronlopez,Defense reporter,,Pipeline,Defense reporter,,milpress_mentioner,aaacac6e3e713fe9a68334b9c381dfbd,milpress_mentioner__aaacac6e3e713fe9a68334b9c381dfbd
leehudson_,Defense reporter,,Keyphrase,Defense reporter,,milpress_mentioner,aaacac6e3e713fe9a68334b9c381dfbd,milpress_mentioner__aaacac6e3e713fe9a68334b9c381dfbd
lmartinezabc,Defense reporter,,AAEntity,Defense reporter,,milpress_mentioner,aaacac6e3e713fe9a68334b9c381dfbd,milpress_mentioner__aaacac6e3e713fe9a68334b9c381dfbd
markapomerleau,Defense reporter,,CompanyKeyword,Defense reporter,,milpress_mentioner,aaacac6e3e713fe9a68334b9c381dfbd,milpress_mentioner__aaacac6e3e713fe9a68334b9c381dfbd
mattspetalnick,Defense reporter,,LegislativeCommittee,Defense reporter,,milpress_mentioner,aaacac6e3e713fe9a68334b9c381dfbd,milpress_mentioner__aaacac6e3e713fe9a68334b9c381dfbd
micahzenko,Defense reporter,,space,Defense reporter,,milpress_mentioner,aaacac6e3e713fe9a68334b9c381dfbd,milpress_mentioner__aaacac6e3e713fe9a68334b9c381dfbd
michelletan32,Defense reporter,,IndustryTerm,Defense reporter,,milpress_mentioner,aaacac6e3e713fe9a68334b9c381dfbd,milpress_mentioner__aaacac6e3e713fe9a68334b9c381dfbd
nancyayoussef,Defense reporter,,DiplomaticFacilities,Defense reporter,,milpress_mentioner,aaacac6e3e713fe9a68334b9c381dfbd,milpress_mentioner__aaacac6e3e713fe9a68334b9c381dfbd
natashabertrand,Defense reporter,,FTO,Defense reporter,,milpress_mentioner,aaacac6e3e713fe9a68334b9c381dfbd,milpress_mentioner__aaacac6e3e713fe9a68334b9c381dfbd
natseccarlo,Defense reporter,,Diplomat,Defense reporter,,milpress_mentioner,aaacac6e3e713fe9a68334b9c381dfbd,milpress_mentioner__aaacac6e3e713fe9a68334b9c381dfbd
natsecwatson,Defense reporter,,Keyphrase,Defense reporter,,milpress_mentioner,aaacac6e3e713fe9a68334b9c381dfbd,milpress_mentioner__aaacac6e3e713fe9a68334b9c381dfbd
nicolecnn,Defense reporter,,ForeignMinistry,Defense reporter,,milpress_mentioner,aaacac6e3e713fe9a68334b9c381dfbd,milpress_mentioner__aaacac6e3e713fe9a68334b9c381dfbd
oriana0214,Defense reporter,,Keyphrase,Defense reporter,,milpress_mentioner,aaacac6e3e713fe9a68334b9c381dfbd,milpress_mentioner__aaacac6e3e713fe9a68334b9c381dfbd
pat_host,Defense reporter,,FTO,Defense reporter,,milpress_mentioner,aaacac6e3e713fe9a68334b9c381dfbd,milpress_mentioner__aaacac6e3e713fe9a68334b9c381dfbd
patricknkelley,Defense reporter,,Diplomat,Defense reporter,,milpress_mentioner,aaacac6e3e713fe9a68334b9c381dfbd,milpress_mentioner__aaacac6e3e713fe9a68334b9c381dfbd
pdshinkman,Defense reporter,,Organization,Defense reporter,,milpress_mentioner,aaacac6e3e713fe9a68334b9c381dfbd,milpress_mentioner__aaacac6e3e713fe9a68334b9c381dfbd
peterccook,Defense reporter,,AAEntity,Defense reporter,,milpress_mentioner,aaacac6e3e713fe9a68334b9c381dfbd,milpress_mentioner__aaacac6e3e713fe9a68334b9c381dfbd
philewing,Defense reporter,,AAEntity,Defense reporter,,milpress_mentioner,aaacac6e3e713fe9a68334b9c381dfbd,milpress_mentioner__aaacac6e3e713fe9a68334b9c381dfbd
readerrabott,Defense reporter,,IndustryTerm,Defense reporter,,milpress_mentioner,aaacac6e3e713fe9a68334b9c381dfbd,milpress_mentioner__aaacac6e3e713fe9a68334b9c381dfbd
reporterjoe,Defense reporter,,Consulates,Defense reporter,,milpress_mentioner,aaacac6e3e713fe9a68334b9c381dfbd,milpress_mentioner__aaacac6e3e713fe9a68334b9c381dfbd
rotorfocus,Defense reporter,,Shipping,Defense reporter,,milpress_mentioner,aaacac6e3e713fe9a68334b9c381dfbd,milpress_mentioner__aaacac6e3e713fe9a68334b9c381dfbd
russcanread,Defense reporter,,Media,Defense reporter,,milpress_mentioner,aaacac6e3e713fe9a68334b9c381dfbd,milpress_mentioner__aaacac6e3e713fe9a68334b9c381dfbd
samlagrone,Defense reporter,,space,Defense reporter,,milpress_mentioner,aaacac6e3e713fe9a68334b9c381dfbd,milpress_mentioner__aaacac6e3e713fe9a68334b9c381dfbd
scottshanenyt,Defense reporter,,LegislativeCommittee,Defense reporter,,milpress_mentioner,aaacac6e3e713fe9a68334b9c381dfbd,milpress_mentioner__aaacac6e3e713fe9a68334b9c381dfbd
stephenlosey,Defense reporter,,Person,Defense reporter,,milpress_mentioner,aaacac6e3e713fe9a68334b9c381dfbd,milpress_mentioner__aaacac6e3e713fe9a68334b9c381dfbd
sydneyfreedberg,Defense reporter,,CompanyKeyword,Defense reporter,,milpress_mentioner,aaacac6e3e713fe9a68334b9c381dfbd,milpress_mentioner__aaacac6e3e713fe9a68334b9c381dfbd
tbowmannpr,Defense reporter,,AAEntity,Defense reporter,,milpress_mentioner,aaacac6e3e713fe9a68334b9c381dfbd,milpress_mentioner__aaacac6e3e713fe9a68334b9c381dfbd
theworacle,Defense reporter,,CompanyKeyword,Defense reporter,,milpress_mentioner,aaacac6e3e713fe9a68334b9c381dfbd,milpress_mentioner__aaacac6e3e713fe9a68334b9c381dfbd
tmgneff,Defense reporter,,FTO,Defense reporter,,milpress_mentioner,aaacac6e3e713fe9a68334b9c381dfbd,milpress_mentioner__aaacac6e3e713fe9a68334b9c381dfbd
tonybertuca,Defense reporter,,Shipping,Defense reporter,,milpress_mentioner,aaacac6e3e713fe9a68334b9c381dfbd,milpress_mentioner__aaacac6e3e713fe9a68334b9c381dfbd
valerieinsinna,Defense reporter,,LegislativeCommittee,Defense reporter,,milpress_mentioner,aaacac6e3e713fe9a68334b9c381dfbd,milpress_mentioner__aaacac6e3e713fe9a68334b9c381dfbd
verambergen,Defense reporter,,ForeignMinistry,Defense reporter,,milpress_mentioner,aaacac6e3e713fe9a68334b9c381dfbd,milpress_mentioner__aaacac6e3e713fe9a68334b9c381dfbd
wesleysmorgan,Defense reporter,,Wells,Defense reporter,,milpress_mentioner,aaacac6e3e713fe9a68334b9c381dfbd,milpress_mentioner__aaacac6e3e713fe9a68334b9c381dfbd
yasmintadjdeh,Defense reporter,,LegislativeCommittee,Defense reporter,,milpress_mentioner,aaacac6e3e713fe9a68334b9c381dfbd,milpress_mentioner__aaacac6e3e713fe9a68334b9c381dfbd
zachfb,Defense reporter,,Shipping,Defense reporter,,milpress_mentioner,aaacac6e3e713fe9a68334b9c381dfbd,milpress_mentioner__aaacac6e3e713fe9a68334b9c381dfbd
zcohencnn,Defense reporter,,FTO,Defense reporter,,milpress_mentioner,aaacac6e3e713fe9a68334b9c381dfbd,milpress_mentioner__aaacac6e3e713fe9a68334b9c381dfbd
jseldin,Defense reporter,,Legislator,Defense reporter,,milpress_mentioner,aaacac6e3e713fe9a68334b9c381dfbd,milpress_mentioner__aaacac6e3e713fe9a68334b9c381dfbd
taracopp,Defense reporter,,News,Defense reporter,,milpress_mentioner,aaacac6e3e713fe9a68334b9c381dfbd,milpress_mentioner__aaacac6e3e713fe9a68334b9c381dfbd
barbarastarrcnn,Defense reporter,,Media,Defense reporter,,milpress_mentioner,aaacac6e3e713fe9a68334b9c381dfbd,milpress_mentioner__aaacac6e3e713fe9a68334b9c381dfbd
rabrowne75,Defense reporter,,ForeignMinistry,Defense reporter,,milpress_mentioner,aaacac6e3e713fe9a68334b9c381dfbd,milpress_mentioner__aaacac6e3e713fe9a68334b9c381dfbd
maxjrosenthal,Defense reporter,,Shipping,Defense reporter,,milpress_mentioner,aaacac6e3e713fe9a68334b9c381dfbd,milpress_mentioner__aaacac6e3e713fe9a68334b9c381dfbd
aaronmehta,Defense reporter,,Legislator,Defense reporter,,milpress_mentioner,aaacac6e3e713fe9a68334b9c381dfbd,milpress_mentioner__aaacac6e3e713fe9a68334b9c381dfbd
abwrig,Defense reporter,,ForeignMinister,Defense reporter,,milpress_mentioner,aaacac6e3e713fe9a68334b9c381dfbd,milpress_mentioner__aaacac6e3e713fe9a68334b9c381dfbd
adamentous,Defense reporter,,Pipeline,Defense reporter,,milpress_mentioner,aaacac6e3e713fe9a68334b9c381dfbd,milpress_mentioner__aaacac6e3e713fe9a68334b9c381dfbd
lrozen,Defense reporter,,Organization,Defense reporter,,milpress_mentioner,aaacac6e3e713fe9a68334b9c381dfbd,milpress_mentioner__aaacac6e3e713fe9a68334b9c381dfbd
ishaantharoor,Defense reporter,,space,Defense reporter,,milpress_mentioner,aaacac6e3e713fe9a68334b9c381dfbd,milpress_mentioner__aaacac6e3e713fe9a68334b9c381dfbd
janeferguson5,Defense reporter,,Exec,Defense reporter,,milpress_mentioner,aaacac6e3e713fe9a68334b9c381dfbd,milpress_mentioner__aaacac6e3e713fe9a68334b9c381dfbd
jimsciutto,Defense reporter,,ForeignMinister,Defense reporter,,milpress_mentioner,aaacac6e3e713fe9a68334b9c381dfbd,milpress_mentioner__aaacac6e3e713fe9a68334b9c381dfbd
jeremyherb,Defense reporter,,Exec,Defense reporter,,milpress_mentioner,aaacac6e3e713fe9a68334b9c381dfbd,milpress_mentioner__aaacac6e3e713fe9a68334b9c381dfbd
jennamc_laugh,Defense reporter,,Pipeline,Defense reporter,,milpress_mentioner,aaacac6e3e713fe9a68334b9c381dfbd,milpress_mentioner__aaacac6e3e713fe9a68334b9c381dfbd
jengriffinfnc,Defense reporter,,Keyphrase,Defense reporter,,milpress_mentioner,aaacac6e3e713fe9a68334b9c381dfbd,milpress_mentioner__aaacac6e3e713fe9a68334b9c381dfbd
julianbarnes,Defense reporter,,Exec,Defense reporter,,milpress_mentioner,aaacac6e3e713fe9a68334b9c381dfbd,milpress_mentioner__aaacac6e3e713fe9a68334b9c381dfbd
joshrogin,Defense reporter,,LegislativeCommittee,Defense reporter,,milpress_mentioner,aaacac6e3e713fe9a68334b9c381dfbd,milpress_mentioner__aaacac6e3e713fe9a68334b9c381dfbd
julianborger,Defense reporter,,LegislativeCommittee,Defense reporter,,milpress_mentioner,aaacac6e3e713fe9a68334b9c381dfbd,milpress_mentioner__aaacac6e3e713fe9a68334b9c381dfbd
k8brannen,Defense reporter,,CompanyKeyword,Defense reporter,,milpress_mentioner,aaacac6e3e713fe9a68334b9c381dfbd,milpress_mentioner__aaacac6e3e713fe9a68334b9c381dfbd
katiebowill,Defense reporter,,Consulates,Defense reporter,,milpress_mentioner,aaacac6e3e713fe9a68334b9c381dfbd,milpress_mentioner__aaacac6e3e713fe9a68334b9c381dfbd
leeferran,Defense reporter,,News,Defense reporter,,milpress_mentioner,aaacac6e3e713fe9a68334b9c381dfbd,milpress_mentioner__aaacac6e3e713fe9a68334b9c381dfbd
leoshane,Defense reporter,,ForeignMinister,Defense reporter,,milpress_mentioner,aaacac6e3e713fe9a68334b9c381dfbd,milpress_mentioner__aaacac6e3e713fe9a68334b9c381dfbd
lucasfoxnews,Defense reporter,,Organization,Defense reporter,,milpress_mentioner,aaacac6e3e713fe9a68334b9c381dfbd,milpress_mentioner__aaacac6e3e713fe9a68334b9c381dfbd
markmazzettinyt,Defense reporter,,Person,Defense reporter,,milpress_mentioner,aaacac6e3e713fe9a68334b9c381dfbd,milpress_mentioner__aaacac6e3e713fe9a68334b9c381dfbd
missy_ryan,Defense reporter,,FTO,Defense reporter,,milpress_mentioner,aaacac6e3e713fe9a68334b9c381dfbd,milpress_mentioner__aaacac6e3e713fe9a68334b9c381dfbd
nakashimae,Defense reporter,,LegislativeCommittee,Defense reporter,,milpress_mentioner,aaacac6e3e713fe9a68334b9c381dfbd,milpress_mentioner__aaacac6e3e713fe9a68334b9c381dfbd
shaneharris,Defense reporter,,Legislator,Defense reporter,,milpress_mentioner,aaacac6e3e713fe9a68334b9c381dfbd,milpress_mentioner__aaacac6e3e713fe9a68334b9c381dfbd
dnvolz,Defense reporter,,FTO,Defense reporter,,milpress_mentioner,aaacac6e3e713fe9a68334b9c381dfbd,milpress_mentioner__aaacac6e3e713fe9a68334b9c381dfbd
nytmike,Defense reporter,,Diplomat,Defense reporter,,milpress_mentioner,aaacac6e3e713fe9a68334b9c381dfbd,milpress_mentioner__aaacac6e3e713fe9a68334b9c381dfbd
paulmcleary,Defense reporter,,Organization,Defense reporter,,milpress_mentioner,aaacac6e3e713fe9a68334b9c381dfbd,milpress_mentioner__aaacac6e3e713fe9a68334b9c381dfbd
pamengel12,Defense reporter,,LegislativeCommittee,Defense reporter,,milpress_mentioner,aaacac6e3e713fe9a68334b9c381dfbd,milpress_mentioner__aaacac6e3e713fe9a68334b9c381dfbd
paulsonne,Defense reporter,,Diplomat,Defense reporter,,milpress_mentioner,aaacac6e3e713fe9a68334b9c381dfbd,milpress_mentioner__aaacac6e3e713fe9a68334b9c381dfbd
paulszoldra,Defense reporter,,AAEntity,Defense reporter,,milpress_mentioner,aaacac6e3e713fe9a68334b9c381dfbd,milpress_mentioner__aaacac6e3e713fe9a68334b9c381dfbd
rcallimachi,Defense reporter,,Organization,Defense reporter,,milpress_mentioner,aaacac6e3e713fe9a68334b9c381dfbd,milpress_mentioner__aaacac6e3e713fe9a68334b9c381dfbd
r_wall,Defense reporter,,Media,Defense reporter,,milpress_mentioner,aaacac6e3e713fe9a68334b9c381dfbd,milpress_mentioner__aaacac6e3e713fe9a68334b9c381dfbd
sangernyt,Defense reporter,,Person,Defense reporter,,milpress_mentioner,aaacac6e3e713fe9a68334b9c381dfbd,milpress_mentioner__aaacac6e3e713fe9a68334b9c381dfbd
travis_tritten,Defense reporter,,Keyphrase,Defense reporter,,milpress_mentioner,aaacac6e3e713fe9a68334b9c381dfbd,milpress_mentioner__aaacac6e3e713fe9a68334b9c381dfbd
vmsalama,Defense reporter,,Diplomat,Defense reporter,,milpress_mentioner,aaacac6e3e713fe9a68334b9c381dfbd,milpress_mentioner__aaacac6e3e713fe9a68334b9c381dfbd
wjhenn,Defense reporter,,Diplomat,Defense reporter,,milpress_mentioner,aaacac6e3e713fe9a68334b9c381dfbd,milpress_mentioner__aaacac6e3e713fe9a68334b9c381dfbd
caitlinmkenney,Defense reporter,,Person,Defense reporter,,milpress_mentioner,aaacac6e3e713fe9a68334b9c381dfbd,milpress_mentioner__aaacac6e3e713fe9a68334b9c381dfbd
sdutdyer,Defense reporter,,Refinery,Defense reporter,,milpress_mentioner,aaacac6e3e713fe9a68334b9c381dfbd,milpress_mentioner__aaacac6e3e713fe9a68334b9c381dfbd
mgafni,Defense reporter,,Organization,Defense reporter,,milpress_mentioner,aaacac6e3e713fe9a68334b9c381dfbd,milpress_mentioner__aaacac6e3e713fe9a68334b9c381dfbd
gpallone13,Defense reporter,,Keyphrase,Defense reporter,,milpress_mentioner,aaacac6e3e713fe9a68334b9c381dfbd,milpress_mentioner__aaacac6e3e713fe9a68334b9c381dfbd
journogeoffz,Defense reporter,,Diplomat,Defense reporter,,milpress_mentioner,aaacac6e3e713fe9a68334b9c381dfbd,milpress_mentioner__aaacac6e3e713fe9a68334b9c381dfbd
mr_nixnetwork,Defense reporter,,Keyphrase,Defense reporter,,milpress_mentioner,aaacac6e3e713fe9a68334b9c381dfbd,milpress_mentioner__aaacac6e3e713fe9a68334b9c381dfbd
cbs_herridge,Defense reporter,,Pipeline,Defense reporter,,milpress_mentioner,aaacac6e3e713fe9a68334b9c381dfbd,milpress_mentioner__aaacac6e3e713fe9a68334b9c381dfbd
haltman,Defense reporter,,FTO,Defense reporter,,milpress_mentioner,aaacac6e3e713fe9a68334b9c381dfbd,milpress_mentioner__aaacac6e3e713fe9a68334b9c381dfbd
dave_brown24,Defense reporter,,Consulates,Defense reporter,,milpress_mentioner,aaacac6e3e713fe9a68334b9c381dfbd,milpress_mentioner__aaacac6e3e713fe9a68334b9c381dfbd
glubold,Defense reporter,,Shipping,Defense reporter,,milpress_mentioner,aaacac6e3e713fe9a68334b9c381dfbd,milpress_mentioner__aaacac6e3e713fe9a68334b9c381dfbd
thomaswatkins,Defense reporter,,LegislativeCommittee,Defense reporter,,milpress_mentioner,aaacac6e3e713fe9a68334b9c381dfbd,milpress_mentioner__aaacac6e3e713fe9a68334b9c381dfbd
laurnorman,Defense reporter,,Wells,Defense reporter,,milpress_mentioner,aaacac6e3e713fe9a68334b9c381dfbd,milpress_mentioner__aaacac6e3e713fe9a68334b9c381dfbd
stevenzzhou,Defense reporter,,Organization,Defense reporter,,milpress_mentioner,aaacac6e3e713fe9a68334b9c381dfbd,milpress_mentioner__aaacac6e3e713fe9a68334b9c381dfbd
leeberthiaume,Defense reporter,,ForeignMinister,Defense reporter,,milpress_mentioner,aaacac6e3e713fe9a68334b9c381dfbd,milpress_mentioner__aaacac6e3e713fe9a68334b9c381dfbd
murray_brewster,Defense reporter,,ForeignMinister,Defense reporter,,milpress_mentioner,aaacac6e3e713fe9a68334b9c381dfbd,milpress_mentioner__aaacac6e3e713fe9a68334b9c381dfbd
mercedesglobal,Defense reporter,,DiplomaticFacilities,Defense reporter,,milpress_mentioner,aaacac6e3e713fe9a68334b9c381dfbd,milpress_mentioner__aaacac6e3e713fe9a68334b9c381dfbd
awadz,Defense reporter,,Legislator,Defense reporter,,milpress_mentioner,aaacac6e3e713fe9a68334b9c381dfbd,milpress_mentioner__aaacac6e3e713fe9a68334b9c381dfbd
jongambrellap,Defense reporter,,Shipping,Defense reporter,,milpress_mentioner,aaacac6e3e713fe9a68334b9c381dfbd,milpress_mentioner__aaacac6e3e713fe9a68334b9c381dfbd
irishjreuters,Defense reporter,,Person,Defense reporter,,milpress_mentioner,aaacac6e3e713fe9a68334b9c381dfbd,milpress_mentioner__aaacac6e3e713fe9a68334b9c381dfbd
cjchivers,Defense reporter,,space,Defense reporter,,milpress_mentioner,aaacac6e3e713fe9a68334b9c381dfbd,milpress_mentioner__aaacac6e3e713fe9a68334b9c381dfbd
peterson__scott,Defense reporter,,Refinery,Defense reporter,,milpress_mentioner,aaacac6e3e713fe9a68334b9c381dfbd,milpress_mentioner__aaacac6e3e713fe9a68334b9c381dfbd
ptr_yeung,Defense reporter,,Organization,Defense reporter,,milpress_mentioner,aaacac6e3e713fe9a68334b9c381dfbd,milpress_mentioner__aaacac6e3e713fe9a68334b9c381dfbd
yarotrof,Defense reporter,,Media,Defense reporter,,milpress_mentioner,aaacac6e3e713fe9a68334b9c381dfbd,milpress_mentioner__aaacac6e3e713fe9a68334b9c381dfbd
sethrobson1,Defense reporter,,Pipeline,Defense reporter,,milpress_mentioner,aaacac6e3e713fe9a68334b9c381dfbd,milpress_mentioner__aaacac6e3e713fe9a68334b9c381dfbd
ksieff,Defense reporter,,Pipeline,Defense reporter,,milpress_mentioner,aaacac6e3e713fe9a68334b9c381dfbd,milpress_mentioner__aaacac6e3e713fe9a68334b9c381dfbd
justynapawlak,Defense reporter,,Person,Defense reporter,,milpress_mentioner,aaacac6e3e713fe9a68334b9c381dfbd,milpress_mentioner__aaacac6e3e713fe9a68334b9c381dfbd
nohodge,Defense reporter,,Legislator,Defense reporter,,milpress_mentioner,aaacac6e3e713fe9a68334b9c381dfbd,milpress_mentioner__aaacac6e3e713fe9a68334b9c381dfbd
jpecquet_alm,Defense reporter,,Exec,Defense reporter,,milpress_mentioner,aaacac6e3e713fe9a68334b9c381dfbd,milpress_mentioner__aaacac6e3e713fe9a68334b9c381dfbd
jamiewrit,Defense reporter,,Wells,Defense reporter,,milpress_mentioner,aaacac6e3e713fe9a68334b9c381dfbd,milpress_mentioner__aaacac6e3e713fe9a68334b9c381dfbd
mrsamwilkin,Defense reporter,,Consulates,Defense reporter,,milpress_mentioner,aaacac6e3e713fe9a68334b9c381dfbd,milpress_mentioner__aaacac6e3e713fe9a68334b9c381dfbd
13pt,Defense reporter,,Refinery,Defense reporter,,milpress_mentioner,aaacac6e3e713fe9a68334b9c381dfbd,milpress_mentioner__aaacac6e3e713fe9a68334b9c381dfbd
akbarsahmed,Defense reporter,,LegislativeCommittee,Defense reporter,,milpress_mentioner,aaacac6e3e713fe9a68334b9c381dfbd,milpress_mentioner__aaacac6e3e713fe9a68334b9c381dfbd
benpauker,Defense reporter,,Legislator,Defense reporter,,milpress_mentioner,aaacac6e3e713fe9a68334b9c381dfbd,milpress_mentioner__aaacac6e3e713fe9a68334b9c381dfbd
bumillernyt,Defense reporter,,Shipping,Defense reporter,,milpress_mentioner,aaacac6e3e713fe9a68334b9c381dfbd,milpress_mentioner__aaacac6e3e713fe9a68334b9c381dfbd
bybrianbennett,Defense reporter,,FTO,Defense reporter,,milpress_mentioner,aaacac6e3e713fe9a68334b9c381dfbd,milpress_mentioner__aaacac6e3e713fe9a68334b9c381dfbd
columlynch,Defense reporter,,CompanyKeyword,Defense reporter,,milpress_mentioner,aaacac6e3e713fe9a68334b9c381dfbd,milpress_mentioner__aaacac6e3e713fe9a68334b9c381dfbd
hayesbrown,Defense reporter,,Organization,Defense reporter,,milpress_mentioner,aaacac6e3e713fe9a68334b9c381dfbd,milpress_mentioner__aaacac6e3e713fe9a68334b9c381dfbd
jakesnyt,Defense reporter,,Keyphrase,Defense reporter,,milpress_mentioner,aaacac6e3e713fe9a68334b9c381dfbd,milpress_mentioner__aaacac6e3e713fe9a68334b9c381dfbd
jillrussia,Defense reporter,,FTO,Defense reporter,,milpress_mentioner,aaacac6e3e713fe9a68334b9c381dfbd,milpress_mentioner__aaacac6e3e713fe9a68334b9c381dfbd
jimbourg,Defense reporter,,FTO,Defense reporter,,milpress_mentioner,aaacac6e3e713fe9a68334b9c381dfbd,milpress_mentioner__aaacac6e3e713fe9a68334b9c381dfbd
julie_vit,Defense reporter,,space,Defense reporter,,milpress_mentioner,aaacac6e3e713fe9a68334b9c381dfbd,milpress_mentioner__aaacac6e3e713fe9a68334b9c381dfbd
kampeas,Defense reporter,,space,Defense reporter,,milpress_mentioner,aaacac6e3e713fe9a68334b9c381dfbd,milpress_mentioner__aaacac6e3e713fe9a68334b9c381dfbd
kathleenemiller,Defense reporter,,Shipping,Defense reporter,,milpress_mentioner,aaacac6e3e713fe9a68334b9c381dfbd,milpress_mentioner__aaacac6e3e713fe9a68334b9c381dfbd
kniggem,Defense reporter,,News,Defense reporter,,milpress_mentioner,aaacac6e3e713fe9a68334b9c381dfbd,milpress_mentioner__aaacac6e3e713fe9a68334b9c381dfbd
nprkelly,Defense reporter,,Person,Defense reporter,,milpress_mentioner,aaacac6e3e713fe9a68334b9c381dfbd,milpress_mentioner__aaacac6e3e713fe9a68334b9c381dfbd
nwadhams,Defense reporter,,News,Defense reporter,,milpress_mentioner,aaacac6e3e713fe9a68334b9c381dfbd,milpress_mentioner__aaacac6e3e713fe9a68334b9c381dfbd
orendorell,Defense reporter,,Legislator,Defense reporter,,milpress_mentioner,aaacac6e3e713fe9a68334b9c381dfbd,milpress_mentioner__aaacac6e3e713fe9a68334b9c381dfbd
oswaldrachel,Defense reporter,,LegislativeCommittee,Defense reporter,,milpress_mentioner,aaacac6e3e713fe9a68334b9c381dfbd,milpress_mentioner__aaacac6e3e713fe9a68334b9c381dfbd
rickgladstone,Defense reporter,,AAEntity,Defense reporter,,milpress_mentioner,aaacac6e3e713fe9a68334b9c381dfbd,milpress_mentioner__aaacac6e3e713fe9a68334b9c381dfbd
slaughteram,Defense reporter,,space,Defense reporter,,milpress_mentioner,aaacac6e3e713fe9a68334b9c381dfbd,milpress_mentioner__aaacac6e3e713fe9a68334b9c381dfbd
yjtorbati,Defense reporter,,Refinery,Defense reporter,,milpress_mentioner,aaacac6e3e713fe9a68334b9c381dfbd,milpress_mentioner__aaacac6e3e713fe9a68334b9c381dfbd
barbarademick,Defense reporter,,Exec,Defense reporter,,milpress_mentioner,aaacac6e3e713fe9a68334b9c381dfbd,milpress_mentioner__aaacac6e3e713fe9a68334b9c381dfbd
gauravcsawant,Defense reporter,,AAEntity,Defense reporter,,milpress_mentioner,aaacac6e3e713fe9a68334b9c381dfbd,milpress_mentioner__aaacac6e3e713fe9a68334b9c381dfbd
avischarf,Defense reporter,,Media,Defense reporter,,milpress_mentioner,aaacac6e3e713fe9a68334b9c381dfbd,milpress_mentioner__aaacac6e3e713fe9a68334b9c381dfbd
carolinehouck,Defense reporter,,FTO,Defense reporter,,milpress_mentioner,aaacac6e3e713fe9a68334b9c381dfbd,milpress_mentioner__aaacac6e3e713fe9a68334b9c381dfbd
davidgura,Defense reporter,,DiplomaticFacilities,Defense reporter,,milpress_mentioner,aaacac6e3e713fe9a68334b9c381dfbd,milpress_mentioner__aaacac6e3e713fe9a68334b9c381dfbd
iduncan,Defense reporter,,DiplomaticFacilities,Defense reporter,,milpress_mentioner,aaacac6e3e713fe9a68334b9c381dfbd,milpress_mentioner__aaacac6e3e713fe9a68334b9c381dfbd
jasonukman,Defense reporter,,Diplomat,Defense reporter,,milpress_mentioner,aaacac6e3e713fe9a68334b9c381dfbd,milpress_mentioner__aaacac6e3e713fe9a68334b9c381dfbd
katrinanation,Defense reporter,,News,Defense reporter,,milpress_mentioner,aaacac6e3e713fe9a68334b9c381dfbd,milpress_mentioner__aaacac6e3e713fe9a68334b9c381dfbd
rahulkanwal,Defense reporter,,ForeignMinister,Defense reporter,,milpress_mentioner,aaacac6e3e713fe9a68334b9c381dfbd,milpress_mentioner__aaacac6e3e713fe9a68334b9c381dfbd
adamgoldmannyt,Defense reporter,,Diplomat,Defense reporter,,milpress_mentioner,aaacac6e3e713fe9a68334b9c381dfbd,milpress_mentioner__aaacac6e3e713fe9a68334b9c381dfbd
aliwatkins,Defense reporter,,DiplomaticFacilities,Defense reporter,,milpress_mentioner,aaacac6e3e713fe9a68334b9c381dfbd,milpress_mentioner__aaacac6e3e713fe9a68334b9c381dfbd
coralmdavenport,Defense reporter,,Person,Defense reporter,,milpress_mentioner,aaacac6e3e713fe9a68334b9c381dfbd,milpress_mentioner__aaacac6e3e713fe9a68334b9c381dfbd
davidshuster,Defense reporter,,AAEntity,Defense reporter,,milpress_mentioner,aaacac6e3e713fe9a68334b9c381dfbd,milpress_mentioner__aaacac6e3e713fe9a68334b9c381dfbd
dimi,Defense reporter,,Consulates,Defense reporter,,milpress_mentioner,aaacac6e3e713fe9a68334b9c381dfbd,milpress_mentioner__aaacac6e3e713fe9a68334b9c381dfbd
elwasson,Defense reporter,,Wells,Defense reporter,,milpress_mentioner,aaacac6e3e713fe9a68334b9c381dfbd,milpress_mentioner__aaacac6e3e713fe9a68334b9c381dfbd
esaagar,Defense reporter,,IndustryTerm,Defense reporter,,milpress_mentioner,aaacac6e3e713fe9a68334b9c381dfbd,milpress_mentioner__aaacac6e3e713fe9a68334b9c381dfbd
jessicaschulb,Defense reporter,,Organization,Defense reporter,,milpress_mentioner,aaacac6e3e713fe9a68334b9c381dfbd,milpress_mentioner__aaacac6e3e713fe9a68334b9c381dfbd
jordainc,Defense reporter,,Keyphrase,Defense reporter,,milpress_mentioner,aaacac6e3e713fe9a68334b9c381dfbd,milpress_mentioner__aaacac6e3e713fe9a68334b9c381dfbd
juliaeainsley,Defense reporter,,space,Defense reporter,,milpress_mentioner,aaacac6e3e713fe9a68334b9c381dfbd,milpress_mentioner__aaacac6e3e713fe9a68334b9c381dfbd
justinfishelabc,Defense reporter,,LegislativeCommittee,Defense reporter,,milpress_mentioner,aaacac6e3e713fe9a68334b9c381dfbd,milpress_mentioner__aaacac6e3e713fe9a68334b9c381dfbd
leighgiangreco,Defense reporter,,DiplomaticFacilities,Defense reporter,,milpress_mentioner,aaacac6e3e713fe9a68334b9c381dfbd,milpress_mentioner__aaacac6e3e713fe9a68334b9c381dfbd
lesleyclark,Defense reporter,,Consulates,Defense reporter,,milpress_mentioner,aaacac6e3e713fe9a68334b9c381dfbd,milpress_mentioner__aaacac6e3e713fe9a68334b9c381dfbd
matthewdalywdc,Defense reporter,,CompanyKeyword,Defense reporter,,milpress_mentioner,aaacac6e3e713fe9a68334b9c381dfbd,milpress_mentioner__aaacac6e3e713fe9a68334b9c381dfbd
megmccloskey,Defense reporter,,DiplomaticFacilities,Defense reporter,,milpress_mentioner,aaacac6e3e713fe9a68334b9c381dfbd,milpress_mentioner__aaacac6e3e713fe9a68334b9c381dfbd
mollymotoole,Defense reporter,,Shipping,Defense reporter,,milpress_mentioner,aaacac6e3e713fe9a68334b9c381dfbd,milpress_mentioner__aaacac6e3e713fe9a68334b9c381dfbd
rlocker12,Defense reporter,,Exec,Defense reporter,,milpress_mentioner,aaacac6e3e713fe9a68334b9c381dfbd,milpress_mentioner__aaacac6e3e713fe9a68334b9c381dfbd
ryanjreilly,Defense reporter,,Consulates,Defense reporter,,milpress_mentioner,aaacac6e3e713fe9a68334b9c381dfbd,milpress_mentioner__aaacac6e3e713fe9a68334b9c381dfbd
sarahnferris,Defense reporter,,ForeignMinister,Defense reporter,,milpress_mentioner,aaacac6e3e713fe9a68334b9c381dfbd,milpress_mentioner__aaacac6e3e713fe9a68334b9c381dfbd
sylvanlane,Defense reporter,,space,Defense reporter,,milpress_mentioner,aaacac6e3e713fe9a68334b9c381dfbd,milpress_mentioner__aaacac6e3e713fe9a68334b9c381dfbd
weinbergersa,Defense reporter,,Exec,Defense reporter,,milpress_mentioner,aaacac6e3e713fe9a68334b9c381dfbd,milpress_mentioner__aaacac6e3e713fe9a68334b9c381dfbd
zackbeauchamp,Defense reporter,,DiplomaticFacilities,Defense reporter,,milpress_mentioner,aaacac6e3e713fe9a68334b9c381dfbd,milpress_mentioner__aaacac6e3e713fe9a68334b9c381dfbd
rashaalaqeedi,Defense reporter,,Shipping,Defense reporter,,milpress_mentioner,aaacac6e3e713fe9a68334b9c381dfbd,milpress_mentioner__aaacac6e3e713fe9a68334b9c381dfbd
nicstuart,Defense reporter,,Legislator,Defense reporter,,milpress_mentioner,aaacac6e3e713fe9a68334b9c381dfbd,milpress_mentioner__aaacac6e3e713fe9a68334b9c381dfbd
bennpackham,Defense reporter,,Diplomat,Defense reporter,,milpress_mentioner,aaacac6e3e713fe9a68334b9c381dfbd,milpress_mentioner__aaacac6e3e713fe9a68334b9c381dfbd
andrewtillett,Defense reporter,,Media,Defense reporter,,milpress_mentioner,aaacac6e3e713fe9a68334b9c381dfbd,milpress_mentioner__aaacac6e3e713fe9a68334b9c381dfbd
stefarmbruster,Defense reporter,,ForeignMinistry,Defense reporter,,milpress_mentioner,aaacac6e3e713fe9a68334b9c381dfbd,milpress_mentioner__aaacac6e3e713fe9a68334b9c381dfbd
andrewbgreene,Defense reporter,,Legislator,Defense reporter,,milpress_mentioner,aaacac6e3e713fe9a68334b9c381dfbd,milpress_mentioner__aaacac6e3e713fe9a68334b9c381dfbd
defencetechasia,Defense reporter,,Keyphrase,Defense reporter,,milpress_mentioner,aaacac6e3e713fe9a68334b9c381dfbd,milpress_mentioner__aaacac6e3e713fe9a68334b9c381dfbd
senangdiri,Defense reporter,,Wells,Defense reporter,,milpress_mentioner,aaacac6e3e713fe9a68334b9c381dfbd,milpress_mentioner__aaacac6e3e713fe9a68334b9c381dfbd
campbellcourier,Fort Campbell Courier,,ForeignMinistry,Fort Campbell Courier,,milpress_mentioner,07c9a7a495a6bd651562d311d0eb7fd7,milpress_mentioner__07c9a7a495a6bd651562d311d0eb7fd7
fthoodsentinel,Fort Hood Sentinel,,Legislator,Fort Hood Sentinel,,milpress_mentioner,6fa10d538ebd95e0c7d2690f08aafd84,milpress_mentioner__6fa10d538ebd95e0c7d2690f08aafd84
ncojournal,NCO Journal,,Organization,NCO Journal,,milpress_mentioner,f160e3ad54243b75811aeaf7f7f88723,milpress_mentioner__f160e3ad54243b75811aeaf7f7f88723
aiaspeaks,Aerospace Industries,,LegislativeCommittee,Aerospace Industries,,milpress_mentioner,01803452e6c9e1e64da19ea66bb7f9f2,milpress_mentioner__01803452e6c9e1e64da19ea66bb7f9f2
airforcetimes,Air Force Times,,Person,Air Force Times,,milpress_mentioner,542b8f7eb376bca7426a97cd17e6b6e6,milpress_mentioner__542b8f7eb376bca7426a97cd17e6b6e6
armytimes,Army Times,,Legislator,Army Times,,milpress_mentioner,2f30c2f69c1a057a7b102c626c122d44,milpress_mentioner__2f30c2f69c1a057a7b102c626c122d44
breakingdefense,Breaking Defense,,LegislativeCommittee,Breaking Defense,,milpress_mentioner,7177f202d76b05bd9181765debd2b49b,milpress_mentioner__7177f202d76b05bd9181765debd2b49b
c4isrnet,C4ISRNET,,Exec,C4ISRNET,,milpress_mentioner,23bcc3368ec1d543c13c5395cb73b26e,milpress_mentioner__23bcc3368ec1d543c13c5395cb73b26e
defensedaily,Defense Daily,,space,Defense Daily,,milpress_mentioner,0c3cb698793139488a1d171e60d92181,milpress_mentioner__0c3cb698793139488a1d171e60d92181
defenseone,Defense One,,Person,Defense One,,milpress_mentioner,b8ca91ae72d0e8841d5b9d02a4460e01,milpress_mentioner__b8ca91ae72d0e8841d5b9d02a4460e01
defenseworld,Defenseworld.net,,ForeignMinistry,Defenseworld.net,,milpress_mentioner,468b62c30b88b6280241e476a6f45c7f,milpress_mentioner__468b62c30b88b6280241e476a6f45c7f
insidedefense,Inside Defense,,Pipeline,Inside Defense,,milpress_mentioner,197a64ae049d4a29280973450aa5beb3,milpress_mentioner__197a64ae049d4a29280973450aa5beb3
marinetimes,Marine Corps Times,,FTO,Marine Corps Times,,milpress_mentioner,8de80c41c91ad8e4dc391171650267a4,milpress_mentioner__8de80c41c91ad8e4dc391171650267a4
militarydotcom,Military.com,,IndustryTerm,Military.com,,milpress_mentioner,632870f55a5a11658b1aad0985c60004,milpress_mentioner__632870f55a5a11658b1aad0985c60004
militarytimes,Military Times,,Consulates,Military Times,,milpress_mentioner,431a4bcda055b1c0e72b1d06506e3f2b,milpress_mentioner__431a4bcda055b1c0e72b1d06506e3f2b
nationaldefense,National Defense,,IndustryTerm,National Defense,,milpress_mentioner,e05310a41d2beae00362b613c1dadee9,milpress_mentioner__e05310a41d2beae00362b613c1dadee9
navalinstitute,U.S. Naval Institute,,LegislativeCommittee,U.S. Naval Institute,,milpress_mentioner,0837cc27b4e5c74a7bdd67b8dd6edba1,milpress_mentioner__0837cc27b4e5c74a7bdd67b8dd6edba1
navytimes,Navy Times,,Pipeline,Navy Times,,milpress_mentioner,3d598810a9561491e7707f0936df1dda,milpress_mentioner__3d598810a9561491e7707f0936df1dda
rcdefense,Real Clear Defense,,Shipping,Real Clear Defense,,milpress_mentioner,c36dcc5016a7b29e16b7852847efbba2,milpress_mentioner__c36dcc5016a7b29e16b7852847efbba2
secindustrynews,Defense & Security,,IndustryTerm,Defense & Security,,milpress_mentioner,2c29ac75fc90309c327ecb10de7610de,milpress_mentioner__2c29ac75fc90309c327ecb10de7610de
taskandpurpose,Task & Purpose,,space,Task & Purpose,,milpress_mentioner,73bac7098bbef64e9ba692148b3a118e,milpress_mentioner__73bac7098bbef64e9ba692148b3a118e
thecipherbrief,The Cipher Brief,,Shipping,The Cipher Brief,,milpress_mentioner,30bb37444fc602fc69020e769068d17f,milpress_mentioner__30bb37444fc602fc69020e769068d17f
usninews,USNI News,,Media,USNI News,,milpress_mentioner,2bee317dac58144ffab0607c2a534acb,milpress_mentioner__2bee317dac58144ffab0607c2a534acb
dsca_notices,DSCA Arms Sales,,Pipeline,DSCA Arms Sales,,milpress_mentioner,88702375ddef027e71a3926af83cf02c,milpress_mentioner__88702375ddef027e71a3926af83cf02c
scramble_nl,Scramble,,LegislativeCommittee,Scramble,,milpress_mentioner,8a78979b1b5e61f50e2e0b5973fe0032,milpress_mentioner__8a78979b1b5e61f50e2e0b5973fe0032
9dashline,9 Dash Line,,ForeignMinister,9 Dash Line,,milpress_mentioner,80d12ea636736151e64c34d6ba8cb590,milpress_mentioner__80d12ea636736151e64c34d6ba8cb590
seawaves_mag,Sea Waves Magazine,,DiplomaticFacilities,Sea Waves Magazine,,milpress_mentioner,1604dd9fbc2e3d199a1dccc16cf61e32,milpress_mentioner__1604dd9fbc2e3d199a1dccc16cf61e32
currentopscom,CurrentOps.com,,space,CurrentOps.com,,milpress_mentioner,6fdc3a7d40caa5f8b3905e4518f61d74,milpress_mentioner__6fdc3a7d40caa5f8b3905e4518f61d74
vesselfinder,VesselFinder,,Exec,VesselFinder,,milpress_mentioner,5f863f5be153eda3a4b0f2f22f11f715,milpress_mentioner__5f863f5be153eda3a4b0f2f22f11f715
flightintl,International Flight Network,,space,International Flight Network,,milpress_mentioner,997d2feb7711217cb74c7dd3ea4563b3,milpress_mentioner__997d2feb7711217cb74c7dd3ea4563b3
theaviationist,The Aviationist,,ForeignMinister,The Aviationist,,milpress_mentioner,587b887101e7ffd4ab48d4de526608f9,milpress_mentioner__587b887101e7ffd4ab48d4de526608f9
intel_sky,INTELSky,,Refinery,INTELSky,,milpress_mentioner,0cfe80eb610c7d7eb03215b9f0ad4076,milpress_mentioner__0cfe80eb610c7d7eb03215b9f0ad4076
thewarzonewire,The War Zone,,Refinery,The War Zone,,milpress_mentioner,63f701a2033c3502bb36d942a317fa9e,milpress_mentioner__63f701a2033c3502bb36d942a317fa9e
defensearab,Arab Defense News,,AAEntity,Arab Defense News,,milpress_mentioner,c220cf7009be12677b4e0ed2d734e20f,milpress_mentioner__c220cf7009be12677b4e0ed2d734e20f
defenceconnect,Defence Connect,,Refinery,Defence Connect,,milpress_mentioner,d3842dfa400b867be17cd73c98e42aa7,milpress_mentioner__d3842dfa400b867be17cd73c98e42aa7
apdr_apac,ADPR,,space,ADPR,,milpress_mentioner,428fe97ca30e6157b6e6ef8797d1c207,milpress_mentioner__428fe97ca30e6157b6e6ef8797d1c207
zvezdanews,Zvezda News,,Pipeline,Zvezda News,,milpress_mentioner,83f01930c5f27f05dbfefa84c776d5bd,milpress_mentioner__83f01930c5f27f05dbfefa84c776d5bd
rusexercises,Russian Exercises,,DiplomaticFacilities,Russian Exercises,,milpress_mentioner,4368035cefd799a4ae02c3a81bbebf62,milpress_mentioner__4368035cefd799a4ae02c3a81bbebf62
defpostmedia,DefPost,,Consulates,DefPost,,milpress_mentioner,204f8946ed67e5035fa9099dcf8c5921,milpress_mentioner__204f8946ed67e5035fa9099dcf8c5921
aviationweek,Aviation Week,,Consulates,Aviation Week,,milpress_mentioner,93c2b7a1d281fea03a27db9d2e1fc06f,milpress_mentioner__93c2b7a1d281fea03a27db9d2e1fc06f
mildefinsider,Military and Defense Insider,,Keyphrase,Military and Defense Insider,,milpress_mentioner,c4c036690febe7f72020a9abf70ac586,milpress_mentioner__c4c036690febe7f72020a9abf70ac586
starsandstripes,Stars and Stripes,,Refinery,Stars and Stripes,,milpress_mentioner,fb79f923354f0fdc3441caca2edd71a9,milpress_mentioner__fb79f923354f0fdc3441caca2edd71a9
barentsnews,The Barents Observer,,Exec,The Barents Observer,,milpress_mentioner,ef9a431cb18b3e8d140bf0e2f83e33eb,milpress_mentioner__ef9a431cb18b3e8d140bf0e2f83e33eb
arctic_today,Arctic Today,,Wells,Arctic Today,,milpress_mentioner,0e8ea983c006438b93db9185db1a4ee5,milpress_mentioner__0e8ea983c006438b93db9185db1a4ee5
bellingcat,Bellingcat,,IndustryTerm,Bellingcat,,milpress_mentioner,9a3d14527585f020f2ef2c4b5b1051a0,milpress_mentioner__9a3d14527585f020f2ef2c4b5b1051a0
henrikenhmann,East Pendulum,,Shipping,East Pendulum,,milpress_mentioner,cf97970263119712526b3853744b5713,milpress_mentioner__cf97970263119712526b3853744b5713
ainonline,Aviation International News,,Diplomat,Aviation International News,,milpress_mentioner,04f739010a8307a6b9da2cd0c9bc190d,milpress_mentioner__04f739010a8307a6b9da2cd0c9bc190d
defencetalk,DefenceTalk,,News,DefenceTalk,,milpress_mentioner,1d5a74e43294c4d6aa511c148827c710,milpress_mentioner__1d5a74e43294c4d6aa511c148827c710
ukdefjournal,UK Defence Journal,,Refinery,UK Defence Journal,,milpress_mentioner,6ea73d65346f9754c73cf39a95a05d0d,milpress_mentioner__6ea73d65346f9754c73cf39a95a05d0d
janesintel,Janes,,IndustryTerm,Janes,,milpress_mentioner,876a7e418394415ad983c75a2d0fb44b,milpress_mentioner__876a7e418394415ad983c75a2d0fb44b
alexkokcharov,Military analyst,,DiplomaticFacilities,Military analyst,,milpress_mentioner,c54146d8d3da14428863e9de81d8e317,milpress_mentioner__c54146d8d3da14428863e9de81d8e317
steffanwatkins,Military analyst,,Keyphrase,Military analyst,,milpress_mentioner,c54146d8d3da14428863e9de81d8e317,milpress_mentioner__c54146d8d3da14428863e9de81d8e317
rdmartinson88,Military analyst,,Exec,Military analyst,,milpress_mentioner,c54146d8d3da14428863e9de81d8e317,milpress_mentioner__c54146d8d3da14428863e9de81d8e317
sinodefence,Military analyst,,Wells,Military analyst,,milpress_mentioner,c54146d8d3da14428863e9de81d8e317,milpress_mentioner__c54146d8d3da14428863e9de81d8e317
oedosoldier,Military analyst,,Shipping,Military analyst,,milpress_mentioner,c54146d8d3da14428863e9de81d8e317,milpress_mentioner__c54146d8d3da14428863e9de81d8e317
chinaavreview,Military analyst,,Pipeline,Military analyst,,milpress_mentioner,c54146d8d3da14428863e9de81d8e317,milpress_mentioner__c54146d8d3da14428863e9de81d8e317
arosp,Military analyst,,News,Military analyst,,milpress_mentioner,c54146d8d3da14428863e9de81d8e317,milpress_mentioner__c54146d8d3da14428863e9de81d8e317
rupprechtdeino,Military analyst,,Legislator,Military analyst,,milpress_mentioner,c54146d8d3da14428863e9de81d8e317,milpress_mentioner__c54146d8d3da14428863e9de81d8e317
obretix,Military analyst,,ForeignMinistry,Military analyst,,milpress_mentioner,c54146d8d3da14428863e9de81d8e317,milpress_mentioner__c54146d8d3da14428863e9de81d8e317
bunkeralpha,Military analyst,,Legislator,Military analyst,,milpress_mentioner,c54146d8d3da14428863e9de81d8e317,milpress_mentioner__c54146d8d3da14428863e9de81d8e317
gerjon_,Military analyst,,ForeignMinister,Military analyst,,milpress_mentioner,c54146d8d3da14428863e9de81d8e317,milpress_mentioner__c54146d8d3da14428863e9de81d8e317
inteldoge,Military analyst,,Keyphrase,Military analyst,,milpress_mentioner,c54146d8d3da14428863e9de81d8e317,milpress_mentioner__c54146d8d3da14428863e9de81d8e317
kaltemalte53,Military analyst,,DiplomaticFacilities,Military analyst,,milpress_mentioner,c54146d8d3da14428863e9de81d8e317,milpress_mentioner__c54146d8d3da14428863e9de81d8e317
rtlsdr_scn,Military analyst,,ForeignMinister,Military analyst,,milpress_mentioner,c54146d8d3da14428863e9de81d8e317,milpress_mentioner__c54146d8d3da14428863e9de81d8e317
yorukisik,Military analyst,,Media,Military analyst,,milpress_mentioner,c54146d8d3da14428863e9de81d8e317,milpress_mentioner__c54146d8d3da14428863e9de81d8e317
vcdgf555,Military analyst,,Shipping,Military analyst,,milpress_mentioner,c54146d8d3da14428863e9de81d8e317,milpress_mentioner__c54146d8d3da14428863e9de81d8e317
redintelpanda,Military analyst,,ForeignMinistry,Military analyst,,milpress_mentioner,c54146d8d3da14428863e9de81d8e317,milpress_mentioner__c54146d8d3da14428863e9de81d8e317
natsecjeff,Military analyst,,Wells,Military analyst,,milpress_mentioner,c54146d8d3da14428863e9de81d8e317,milpress_mentioner__c54146d8d3da14428863e9de81d8e317
no_itsmyturn,Military analyst,,Media,Military analyst,,milpress_mentioner,c54146d8d3da14428863e9de81d8e317,milpress_mentioner__c54146d8d3da14428863e9de81d8e317
sniprecon800,Military analyst,,Organization,Military analyst,,milpress_mentioner,c54146d8d3da14428863e9de81d8e317,milpress_mentioner__c54146d8d3da14428863e9de81d8e317
duandang,Military analyst,,Refinery,Military analyst,,milpress_mentioner,c54146d8d3da14428863e9de81d8e317,milpress_mentioner__c54146d8d3da14428863e9de81d8e317
balt_security,Military analyst,,Consulates,Military analyst,,milpress_mentioner,c54146d8d3da14428863e9de81d8e317,milpress_mentioner__c54146d8d3da14428863e9de81d8e317
d__mitch,Military analyst,,Wells,Military analyst,,milpress_mentioner,c54146d8d3da14428863e9de81d8e317,milpress_mentioner__c54146d8d3da14428863e9de81d8e317
nitingokhale,Military analyst,,FTO,Military analyst,,milpress_mentioner,c54146d8d3da14428863e9de81d8e317,milpress_mentioner__c54146d8d3da14428863e9de81d8e317
jaggibedi,Military analyst,,ForeignMinistry,Military analyst,,milpress_mentioner,c54146d8d3da14428863e9de81d8e317,milpress_mentioner__c54146d8d3da14428863e9de81d8e317
rajfortyseven,Military analyst,,Shipping,Military analyst,,milpress_mentioner,c54146d8d3da14428863e9de81d8e317,milpress_mentioner__c54146d8d3da14428863e9de81d8e317
joshmolloy101,Military analyst,,Organization,Military analyst,,milpress_mentioner,c54146d8d3da14428863e9de81d8e317,milpress_mentioner__c54146d8d3da14428863e9de81d8e317
0space0,Military analyst,,Pipeline,Military analyst,,milpress_mentioner,c54146d8d3da14428863e9de81d8e317,milpress_mentioner__c54146d8d3da14428863e9de81d8e317
jpg2t785,Military analyst,,Pipeline,Military analyst,,milpress_mentioner,c54146d8d3da14428863e9de81d8e317,milpress_mentioner__c54146d8d3da14428863e9de81d8e317
kimjyeop,Military analyst,,Legislator,Military analyst,,milpress_mentioner,c54146d8d3da14428863e9de81d8e317,milpress_mentioner__c54146d8d3da14428863e9de81d8e317
lostweapons,Military analyst,,CompanyKeyword,Military analyst,,milpress_mentioner,c54146d8d3da14428863e9de81d8e317,milpress_mentioner__c54146d8d3da14428863e9de81d8e317
rikwoertman,Military analyst,,News,Military analyst,,milpress_mentioner,c54146d8d3da14428863e9de81d8e317,milpress_mentioner__c54146d8d3da14428863e9de81d8e317
khalid_c11,Military analyst,,Legislator,Military analyst,,milpress_mentioner,c54146d8d3da14428863e9de81d8e317,milpress_mentioner__c54146d8d3da14428863e9de81d8e317
isi_ghq,Military analyst,,DiplomaticFacilities,Military analyst,,milpress_mentioner,c54146d8d3da14428863e9de81d8e317,milpress_mentioner__c54146d8d3da14428863e9de81d8e317
paffalconspk,Military analyst,,LegislativeCommittee,Military analyst,,milpress_mentioner,c54146d8d3da14428863e9de81d8e317,milpress_mentioner__c54146d8d3da14428863e9de81d8e317
roman_tusk,Military analyst,,Person,Military analyst,,milpress_mentioner,c54146d8d3da14428863e9de81d8e317,milpress_mentioner__c54146d8d3da14428863e9de81d8e317
ianjkeddie,Military analyst,,Consulates,Military analyst,,milpress_mentioner,c54146d8d3da14428863e9de81d8e317,milpress_mentioner__c54146d8d3da14428863e9de81d8e317
supbrow,Military analyst,,Organization,Military analyst,,milpress_mentioner,c54146d8d3da14428863e9de81d8e317,milpress_mentioner__c54146d8d3da14428863e9de81d8e317
collinslkoh,Military analyst,,Keyphrase,Military analyst,,milpress_mentioner,c54146d8d3da14428863e9de81d8e317,milpress_mentioner__c54146d8d3da14428863e9de81d8e317
leifnixon,Military analyst,,News,Military analyst,,milpress_mentioner,c54146d8d3da14428863e9de81d8e317,milpress_mentioner__c54146d8d3da14428863e9de81d8e317
serkanngzli,Military analyst,,DiplomaticFacilities,Military analyst,,milpress_mentioner,c54146d8d3da14428863e9de81d8e317,milpress_mentioner__c54146d8d3da14428863e9de81d8e317
astrofrog,Military analyst,,Keyphrase,Military analyst,,milpress_mentioner,c54146d8d3da14428863e9de81d8e317,milpress_mentioner__c54146d8d3da14428863e9de81d8e317
josephhdempsey,Military analyst,,DiplomaticFacilities,Military analyst,,milpress_mentioner,c54146d8d3da14428863e9de81d8e317,milpress_mentioner__c54146d8d3da14428863e9de81d8e317
dagrgroup,Military analyst,,IndustryTerm,Military analyst,,milpress_mentioner,c54146d8d3da14428863e9de81d8e317,milpress_mentioner__c54146d8d3da14428863e9de81d8e317
globaldryad,Military analyst,,ForeignMinistry,Military analyst,,milpress_mentioner,c54146d8d3da14428863e9de81d8e317,milpress_mentioner__c54146d8d3da14428863e9de81d8e317
forcesreviewuk,Military analyst,,AAEntity,Military analyst,,milpress_mentioner,c54146d8d3da14428863e9de81d8e317,milpress_mentioner__c54146d8d3da14428863e9de81d8e317
astrolr,Military analyst,,Organization,Military analyst,,milpress_mentioner,c54146d8d3da14428863e9de81d8e317,milpress_mentioner__c54146d8d3da14428863e9de81d8e317
astromarkmarley,Military analyst,,Organization,Military analyst,,milpress_mentioner,c54146d8d3da14428863e9de81d8e317,milpress_mentioner__c54146d8d3da14428863e9de81d8e317
cant_halt_me,Military analyst,,Diplomat,Military analyst,,milpress_mentioner,c54146d8d3da14428863e9de81d8e317,milpress_mentioner__c54146d8d3da14428863e9de81d8e317
covertshores,Military analyst,,Person,Military analyst,,milpress_mentioner,c54146d8d3da14428863e9de81d8e317,milpress_mentioner__c54146d8d3da14428863e9de81d8e317
elakdawalla,Military analyst,,Media,Military analyst,,milpress_mentioner,c54146d8d3da14428863e9de81d8e317,milpress_mentioner__c54146d8d3da14428863e9de81d8e317
brendan_mcgarry,Military analyst,,ForeignMinistry,Military analyst,,milpress_mentioner,c54146d8d3da14428863e9de81d8e317,milpress_mentioner__c54146d8d3da14428863e9de81d8e317
eightoneecho,Military analyst,,LegislativeCommittee,Military analyst,,milpress_mentioner,c54146d8d3da14428863e9de81d8e317,milpress_mentioner__c54146d8d3da14428863e9de81d8e317
heel_be_ok,Military analyst,,space,Military analyst,,milpress_mentioner,c54146d8d3da14428863e9de81d8e317,milpress_mentioner__c54146d8d3da14428863e9de81d8e317
middleeastguy,Military analyst,,Refinery,Military analyst,,milpress_mentioner,c54146d8d3da14428863e9de81d8e317,milpress_mentioner__c54146d8d3da14428863e9de81d8e317
milcommp,Military analyst,,IndustryTerm,Military analyst,,milpress_mentioner,c54146d8d3da14428863e9de81d8e317,milpress_mentioner__c54146d8d3da14428863e9de81d8e317
stratsentinel,Military analyst,,Organization,Military analyst,,milpress_mentioner,c54146d8d3da14428863e9de81d8e317,milpress_mentioner__c54146d8d3da14428863e9de81d8e317
nktpnd,Military analyst,,LegislativeCommittee,Military analyst,,milpress_mentioner,c54146d8d3da14428863e9de81d8e317,milpress_mentioner__c54146d8d3da14428863e9de81d8e317
rebeccarambar,Military analyst,,Consulates,Military analyst,,milpress_mentioner,c54146d8d3da14428863e9de81d8e317,milpress_mentioner__c54146d8d3da14428863e9de81d8e317
finnbswl,Military analyst,,DiplomaticFacilities,Military analyst,,milpress_mentioner,c54146d8d3da14428863e9de81d8e317,milpress_mentioner__c54146d8d3da14428863e9de81d8e317
aspi_org,Military analyst,,Refinery,Military analyst,,milpress_mentioner,c54146d8d3da14428863e9de81d8e317,milpress_mentioner__c54146d8d3da14428863e9de81d8e317
lowyinstitute,Military analyst,,Pipeline,Military analyst,,milpress_mentioner,c54146d8d3da14428863e9de81d8e317,milpress_mentioner__c54146d8d3da14428863e9de81d8e317
johnblaxland1,Military analyst,,Pipeline,Military analyst,,milpress_mentioner,c54146d8d3da14428863e9de81d8e317,milpress_mentioner__c54146d8d3da14428863e9de81d8e317
sfrantzman,Military analyst,,AAEntity,Military analyst,,milpress_mentioner,c54146d8d3da14428863e9de81d8e317,milpress_mentioner__c54146d8d3da14428863e9de81d8e317
guyplopsky,Military analyst,,Shipping,Military analyst,,milpress_mentioner,c54146d8d3da14428863e9de81d8e317,milpress_mentioner__c54146d8d3da14428863e9de81d8e317
ajdpresse,Military analyst,,Wells,Military analyst,,milpress_mentioner,c54146d8d3da14428863e9de81d8e317,milpress_mentioner__c54146d8d3da14428863e9de81d8e317
defense137,Military analyst,,Consulates,Military analyst,,milpress_mentioner,c54146d8d3da14428863e9de81d8e317,milpress_mentioner__c54146d8d3da14428863e9de81d8e317
dafengcao,Military analyst,,AAEntity,Military analyst,,milpress_mentioner,c54146d8d3da14428863e9de81d8e317,milpress_mentioner__c54146d8d3da14428863e9de81d8e317
fotoflota,Military analyst,,Organization,Military analyst,,milpress_mentioner,c54146d8d3da14428863e9de81d8e317,milpress_mentioner__c54146d8d3da14428863e9de81d8e317
fauteuilcolbert,Military analyst,,Media,Military analyst,,milpress_mentioner,c54146d8d3da14428863e9de81d8e317,milpress_mentioner__c54146d8d3da14428863e9de81d8e317
capt_navy,Military analyst,,Diplomat,Military analyst,,milpress_mentioner,c54146d8d3da14428863e9de81d8e317,milpress_mentioner__c54146d8d3da14428863e9de81d8e317
5472_nde,Military analyst,,ForeignMinistry,Military analyst,,milpress_mentioner,c54146d8d3da14428863e9de81d8e317,milpress_mentioner__c54146d8d3da14428863e9de81d8e317
pescaraspotters,Military analyst,,IndustryTerm,Military analyst,,milpress_mentioner,c54146d8d3da14428863e9de81d8e317,milpress_mentioner__c54146d8d3da14428863e9de81d8e317
zelenyikoteyka,Military analyst,,FTO,Military analyst,,milpress_mentioner,c54146d8d3da14428863e9de81d8e317,milpress_mentioner__c54146d8d3da14428863e9de81d8e317
russian_defence,Military analyst,,ForeignMinister,Military analyst,,milpress_mentioner,c54146d8d3da14428863e9de81d8e317,milpress_mentioner__c54146d8d3da14428863e9de81d8e317
saturn5_,Military analyst,,ForeignMinister,Military analyst,,milpress_mentioner,c54146d8d3da14428863e9de81d8e317,milpress_mentioner__c54146d8d3da14428863e9de81d8e317
arunp2810,Military analyst,,Legislator,Military analyst,,milpress_mentioner,c54146d8d3da14428863e9de81d8e317,milpress_mentioner__c54146d8d3da14428863e9de81d8e317
wojcikrp,Military analyst,,Media,Military analyst,,milpress_mentioner,c54146d8d3da14428863e9de81d8e317,milpress_mentioner__c54146d8d3da14428863e9de81d8e317
spencerguard,Military analyst,,Legislator,Military analyst,,milpress_mentioner,c54146d8d3da14428863e9de81d8e317,milpress_mentioner__c54146d8d3da14428863e9de81d8e317
babaktaghvaee,Military analyst,,Pipeline,Military analyst,,milpress_mentioner,c54146d8d3da14428863e9de81d8e317,milpress_mentioner__c54146d8d3da14428863e9de81d8e317
laurensperanza,Military analyst,,CompanyKeyword,Military analyst,,milpress_mentioner,c54146d8d3da14428863e9de81d8e317,milpress_mentioner__c54146d8d3da14428863e9de81d8e317
korischake,Military analyst,,ForeignMinistry,Military analyst,,milpress_mentioner,c54146d8d3da14428863e9de81d8e317,milpress_mentioner__c54146d8d3da14428863e9de81d8e317
micheleflournoy,Military analyst,,Organization,Military analyst,,milpress_mentioner,c54146d8d3da14428863e9de81d8e317,milpress_mentioner__c54146d8d3da14428863e9de81d8e317
rikefranke,Military analyst,,LegislativeCommittee,Military analyst,,milpress_mentioner,c54146d8d3da14428863e9de81d8e317,milpress_mentioner__c54146d8d3da14428863e9de81d8e317
brunotertrais,Military analyst,,ForeignMinistry,Military analyst,,milpress_mentioner,c54146d8d3da14428863e9de81d8e317,milpress_mentioner__c54146d8d3da14428863e9de81d8e317
lawdavf,Military analyst,,Wells,Military analyst,,milpress_mentioner,c54146d8d3da14428863e9de81d8e317,milpress_mentioner__c54146d8d3da14428863e9de81d8e317
danielfiott,Military analyst,,Person,Military analyst,,milpress_mentioner,c54146d8d3da14428863e9de81d8e317,milpress_mentioner__c54146d8d3da14428863e9de81d8e317
annaisabelak,Military analyst,,Refinery,Military analyst,,milpress_mentioner,c54146d8d3da14428863e9de81d8e317,milpress_mentioner__c54146d8d3da14428863e9de81d8e317
racheltecott,Military analyst,,Refinery,Military analyst,,milpress_mentioner,c54146d8d3da14428863e9de81d8e317,milpress_mentioner__c54146d8d3da14428863e9de81d8e317
ulrichspeck,Military analyst,,Wells,Military analyst,,milpress_mentioner,c54146d8d3da14428863e9de81d8e317,milpress_mentioner__c54146d8d3da14428863e9de81d8e317
gepardtatze,Military analyst,,Refinery,Military analyst,,milpress_mentioner,c54146d8d3da14428863e9de81d8e317,milpress_mentioner__c54146d8d3da14428863e9de81d8e317
eat_sleep_mcm,Military analyst,,Diplomat,Military analyst,,milpress_mentioner,c54146d8d3da14428863e9de81d8e317,milpress_mentioner__c54146d8d3da14428863e9de81d8e317
sovereign5061,Military analyst,,ForeignMinister,Military analyst,,milpress_mentioner,c54146d8d3da14428863e9de81d8e317,milpress_mentioner__c54146d8d3da14428863e9de81d8e317
racki173,Military analyst,,AAEntity,Military analyst,,milpress_mentioner,c54146d8d3da14428863e9de81d8e317,milpress_mentioner__c54146d8d3da14428863e9de81d8e317
jkaack,Military analyst,,Organization,Military analyst,,milpress_mentioner,c54146d8d3da14428863e9de81d8e317,milpress_mentioner__c54146d8d3da14428863e9de81d8e317
madeindeunavy,Military analyst,,CompanyKeyword,Military analyst,,milpress_mentioner,c54146d8d3da14428863e9de81d8e317,milpress_mentioner__c54146d8d3da14428863e9de81d8e317
svenreh,Military analyst,,IndustryTerm,Military analyst,,milpress_mentioner,c54146d8d3da14428863e9de81d8e317,milpress_mentioner__c54146d8d3da14428863e9de81d8e317
mbks15,Military analyst,,space,Military analyst,,milpress_mentioner,c54146d8d3da14428863e9de81d8e317,milpress_mentioner__c54146d8d3da14428863e9de81d8e317
i30mki,Military analyst,,Media,Military analyst,,milpress_mentioner,c54146d8d3da14428863e9de81d8e317,milpress_mentioner__c54146d8d3da14428863e9de81d8e317
fighterpics,Military analyst,,Consulates,Military analyst,,milpress_mentioner,c54146d8d3da14428863e9de81d8e317,milpress_mentioner__c54146d8d3da14428863e9de81d8e317
onthisdayrn,Military analyst,,ForeignMinistry,Military analyst,,milpress_mentioner,c54146d8d3da14428863e9de81d8e317,milpress_mentioner__c54146d8d3da14428863e9de81d8e317
ninja998998,Military analyst,,Legislator,Military analyst,,milpress_mentioner,c54146d8d3da14428863e9de81d8e317,milpress_mentioner__c54146d8d3da14428863e9de81d8e317
landsharkuk,Military analyst,,Media,Military analyst,,milpress_mentioner,c54146d8d3da14428863e9de81d8e317,milpress_mentioner__c54146d8d3da14428863e9de81d8e317
ron_eisele,Military analyst,,DiplomaticFacilities,Military analyst,,milpress_mentioner,c54146d8d3da14428863e9de81d8e317,milpress_mentioner__c54146d8d3da14428863e9de81d8e317
anthonypecchi,Military analyst,,Organization,Military analyst,,milpress_mentioner,c54146d8d3da14428863e9de81d8e317,milpress_mentioner__c54146d8d3da14428863e9de81d8e317
ac_navalhistory,Military analyst,,Wells,Military analyst,,milpress_mentioner,c54146d8d3da14428863e9de81d8e317,milpress_mentioner__c54146d8d3da14428863e9de81d8e317
abraxasspa,Military analyst,,Refinery,Military analyst,,milpress_mentioner,c54146d8d3da14428863e9de81d8e317,milpress_mentioner__c54146d8d3da14428863e9de81d8e317
mikiav8bharrier,Military analyst,,IndustryTerm,Military analyst,,milpress_mentioner,c54146d8d3da14428863e9de81d8e317,milpress_mentioner__c54146d8d3da14428863e9de81d8e317
stam_a337,Military analyst,,Organization,Military analyst,,milpress_mentioner,c54146d8d3da14428863e9de81d8e317,milpress_mentioner__c54146d8d3da14428863e9de81d8e317
deptula_david,Military analyst,,AAEntity,Military analyst,,milpress_mentioner,c54146d8d3da14428863e9de81d8e317,milpress_mentioner__c54146d8d3da14428863e9de81d8e317
nicholadrummond,Military analyst,,CompanyKeyword,Military analyst,,milpress_mentioner,c54146d8d3da14428863e9de81d8e317,milpress_mentioner__c54146d8d3da14428863e9de81d8e317
todd_scheve,Military analyst,,ForeignMinistry,Military analyst,,milpress_mentioner,c54146d8d3da14428863e9de81d8e317,milpress_mentioner__c54146d8d3da14428863e9de81d8e317
africainspace,Space Ref,,Organization,Space Ref,,milpress_mentioner,95dc0c1d73803429206a9e863ab9542e,milpress_mentioner__95dc0c1d73803429206a9e863ab9542e
asiainspace,Space Ref,,CompanyKeyword,Space Ref,,milpress_mentioner,95dc0c1d73803429206a9e863ab9542e,milpress_mentioner__95dc0c1d73803429206a9e863ab9542e
argenelespacio,Argentina En El Epsacio,,ForeignMinister,Argentina En El Epsacio,,milpress_mentioner,145f5069122ac9f41e331a27cce6afb7,milpress_mentioner__145f5069122ac9f41e331a27cce6afb7
csiro,Australian CSIRO,,Consulates,Australian CSIRO,,milpress_mentioner,8cd2a24e3733387cbdb49d96b8027a33,milpress_mentioner__8cd2a24e3733387cbdb49d96b8027a33
satnowaus,Sat Now Australia,,ForeignMinister,Sat Now Australia,,milpress_mentioner,7326b7f388cc7dcb57c011428bd53b4d,milpress_mentioner__7326b7f388cc7dcb57c011428bd53b4d
cosmosmagazine,Cosmos Magazine,,FTO,Cosmos Magazine,,milpress_mentioner,606542c5599c779b25c4675c340a4b72,milpress_mentioner__606542c5599c779b25c4675c340a4b72
asgardiaspace,Asgardia,,Wells,Asgardia,,milpress_mentioner,802aa1e8426d4e12432c95ee98240136,milpress_mentioner__802aa1e8426d4e12432c95ee98240136
room__space,ROOM Space Journal of Asgardia,,Media,ROOM Space Journal of Asgardia,,milpress_mentioner,fb307fb659e0e28161f6026ef3080f76,milpress_mentioner__fb307fb659e0e28161f6026ef3080f76
sgac,Space Generation Advisory Council,,Legislator,Space Generation Advisory Council,,milpress_mentioner,7aadefca186c5f52e79065da18355cc3,milpress_mentioner__7aadefca186c5f52e79065da18355cc3
bespace_,beSPACE,,LegislativeCommittee,beSPACE,,milpress_mentioner,f0df84d338e4eaa51a29bd6bc2db30bb,milpress_mentioner__f0df84d338e4eaa51a29bd6bc2db30bb
defenceweb_afr,Defence Web Africa: Benin,,Organization,Defence Web Africa: Benin,,milpress_mentioner,b2b59ae3fd420508c7a52aea52dd6feb,milpress_mentioner__b2b59ae3fd420508c7a52aea52dd6feb
spacelabsbrazil,Space Labs Brazil,,Wells,Space Labs Brazil,,milpress_mentioner,dbaceab914f4488a0d6aa2eb2648fe24,milpress_mentioner__dbaceab914f4488a0d6aa2eb2648fe24
universetoday,Universe Today,,Person,Universe Today,,milpress_mentioner,4711c697a76f337c7d87920539c382a9,milpress_mentioner__4711c697a76f337c7d87920539c382a9
quebecscience,Quebec Science,,ForeignMinistry,Quebec Science,,milpress_mentioner,31aed04fb2735d9f04f00e2165f06128,milpress_mentioner__31aed04fb2735d9f04f00e2165f06128
canadainspace,SpaceQ,,Exec,SpaceQ,,milpress_mentioner,843f85038f845260e89076c74d0b9091,milpress_mentioner__843f85038f845260e89076c74d0b9091
chinainspace,Space Ref,,Consulates,Space Ref,,milpress_mentioner,95dc0c1d73803429206a9e863ab9542e,milpress_mentioner__95dc0c1d73803429206a9e863ab9542e
gotaikonauts,Go Taikonauts,,Person,Go Taikonauts,,milpress_mentioner,954c2fc56d92ffbf132016730c4588ea,milpress_mentioner__954c2fc56d92ffbf132016730c4588ea
czechspace,Jan Kolar,,Media,Jan Kolar,,milpress_mentioner,4f94b0ec3ce9f0715604a20e9c5db613,milpress_mentioner__4f94b0ec3ce9f0715604a20e9c5db613
czech_space,Czech Space Office,,Pipeline,Czech Space Office,,milpress_mentioner,be08cc6f82ead60d4da5e87e6f25eb57,milpress_mentioner__be08cc6f82ead60d4da5e87e6f25eb57
atawox,Hatem Elatawy,,Exec,Hatem Elatawy,,milpress_mentioner,38ba26caad9cdcf74decd1774b767c3f,milpress_mentioner__38ba26caad9cdcf74decd1774b767c3f
cnes,French Space Studies Center,frenchspacestudiescenter,Refinery,French Space Studies Center,,milpress_mentioner,6cc36c8f8e5cf18a8616ac9363efbce0,milpress_mentioner__6cc36c8f8e5cf18a8616ac9363efbce0
esa,European Space Agency,europeanspaceagency,Person,European Space Agency,,milpress_mentioner,469e4d438ac8d45d83049fe412a0b97d,milpress_mentioner__469e4d438ac8d45d83049fe412a0b97d
flightglobal,Flight Global,flightglobal,DiplomaticFacilities,Flight Global,,milpress_mentioner,74c5fd92abb9d84ed8a1db6d234427e9,milpress_mentioner__74c5fd92abb9d84ed8a1db6d234427e9
dlr_de,German Aerospace Center,germanaerospacecenter,Organization,German Aerospace Center,,milpress_mentioner,586e836c644489d4d6031c1a996ea4bc,milpress_mentioner__586e836c644489d4d6031c1a996ea4bc
spaceflight101,Space Flight 101,spaceflight101,IndustryTerm,Space Flight 101,,milpress_mentioner,3a7759a8b94c051316f15e1a47b5e83e,milpress_mentioner__3a7759a8b94c051316f15e1a47b5e83e
skaigr,Skai,skai,Person,Skai,,milpress_mentioner,f6907d2b03e110de86bb458bdac4ec20,milpress_mentioner__f6907d2b03e110de86bb458bdac4ec20
pulispace,Puli Space,pulispace,Consulates,Puli Space,,milpress_mentioner,e2cf5096fce52f312ccf46cf0cca11d6,milpress_mentioner__e2cf5096fce52f312ccf46cf0cca11d6
india_inspace,Space Ref,spaceref,FTO,Space Ref,,milpress_mentioner,95dc0c1d73803429206a9e863ab9542e,milpress_mentioner__95dc0c1d73803429206a9e863ab9542e
haaretzcom,Haaretz,haaretz,Pipeline,Haaretz,,milpress_mentioner,29e095352f7b128679fa03cc5f838579,milpress_mentioner__29e095352f7b128679fa03cc5f838579
ynetnews,YNet News,ynetnews,CompanyKeyword,YNet News,,milpress_mentioner,4258b36c1ec99906b57bd82b088caba2,milpress_mentioner__4258b36c1ec99906b57bd82b088caba2
asi_spazio,Italian Space Agency,italianspaceagency,Consulates,Italian Space Agency,,milpress_mentioner,d164b5485d7d576aa3dcf6a343272af2,milpress_mentioner__d164b5485d7d576aa3dcf6a343272af2
news_mynai_jp,MyNavi News,mynavinews,Keyphrase,MyNavi News,,milpress_mentioner,ec5aa77600828e0094bacb2c5c4cca7d,milpress_mentioner__ec5aa77600828e0094bacb2c5c4cca7d
tx_spacenews,TV Tokyo,tvtokyo,ForeignMinister,TV Tokyo,,milpress_mentioner,3d95b7e518373a70aa342d8ed498ce9d,milpress_mentioner__3d95b7e518373a70aa342d8ed498ce9d
jaza_en,Japan Aerospace Exploration Agency,japanaerospaceexplorationagency,Media,Japan Aerospace Exploration Agency,,milpress_mentioner,520400f88d794bf24a99c6939908ab9b,milpress_mentioner__520400f88d794bf24a99c6939908ab9b
bagdatmussin,BagdatMussin,bagdatmussin,Organization,BagdatMussin,,milpress_mentioner,bde190e8e1c938bfa81f74866f848551,milpress_mentioner__bde190e8e1c938bfa81f74866f848551
lsta_lu,Luxembourg Space Tech Angels,luxembourgspacetechangels,Wells,Luxembourg Space Tech Angels,,milpress_mentioner,1e87e76b1a5e497dfbdcfbd086bcab29,milpress_mentioner__1e87e76b1a5e497dfbdcfbd086bcab29
newspaceeurope,NewSpace Europe,newspaceeurope,LegislativeCommittee,NewSpace Europe,,milpress_mentioner,81abc57b3776b05f036acd628976037e,milpress_mentioner__81abc57b3776b05f036acd628976037e
mo_robotics,MO Space Robotics Luxembourg,mospaceroboticsluxembourg,Refinery,MO Space Robotics Luxembourg,,milpress_mentioner,1c3db3287989c018adee8fd5ac5ff748,milpress_mentioner__1c3db3287989c018adee8fd5ac5ff748
malaysiaspace,Malaysia Space,malaysiaspace,ForeignMinister,Malaysia Space,,milpress_mentioner,15a06d9c1b87dfb1ec1456f2af1133a9,milpress_mentioner__15a06d9c1b87dfb1ec1456f2af1133a9
aucklandspace,Auckland Space,aucklandspace,Media,Auckland Space,,milpress_mentioner,977f863764b69a30d3fa79f9d7a9b997,milpress_mentioner__977f863764b69a30d3fa79f9d7a9b997
kiwispace,Kiwi Space,kiwispace,Organization,Kiwi Space,,milpress_mentioner,62d4181cce2ed8164eb7b9260092b56b,milpress_mentioner__62d4181cce2ed8164eb7b9260092b56b
pakistanspacec1,Pakistan Space Community,pakistanspacecommunity,Pipeline,Pakistan Space Community,,milpress_mentioner,b983b32885977a03898c6bf80858ce99,milpress_mentioner__b983b32885977a03898c6bf80858ce99
spaceappsphil,NASA Space Apps Philippines,nasaspaceappsphilippines,AAEntity,NASA Space Apps Philippines,,milpress_mentioner,b06d15ab6497f431b3ef8c3fcec89b02,milpress_mentioner__b06d15ab6497f431b3ef8c3fcec89b02
portugalspace,Portugal Space,portugalspace,FTO,Portugal Space,,milpress_mentioner,b7122ac26426a6514a7eabda576b11ad,milpress_mentioner__b7122ac26426a6514a7eabda576b11ad
roscosmos,Roscosmos,roscosmos,AAEntity,Roscosmos,,milpress_mentioner,d5bea17c8acfaf5459ccddb2c29db812,milpress_mentioner__d5bea17c8acfaf5459ccddb2c29db812
lentaruofficial,Lenta Russia,lentarussia,CompanyKeyword,Lenta Russia,,milpress_mentioner,fcc120351d7a5cb48e5474804825a4f2,milpress_mentioner__fcc120351d7a5cb48e5474804825a4f2
rianru,RIA Novosti,rianovosti,Organization,RIA Novosti,,milpress_mentioner,46c0daaa502e56ee1eea2538afc65f9e,milpress_mentioner__46c0daaa502e56ee1eea2538afc65f9e
yandexdotcom,Yandex,yandex,Consulates,Yandex,,milpress_mentioner,0c0a230358d00f0fcf81c28d23bf6e8c,milpress_mentioner__0c0a230358d00f0fcf81c28d23bf6e8c
africanaeronews,African Aerospace,africanaerospace,LegislativeCommittee,African Aerospace,,milpress_mentioner,2e5b33bfac233c3fd191c33a9fa2b5fc,milpress_mentioner__2e5b33bfac233c3fd191c33a9fa2b5fc
sfssarabic,SFSS,sfss,Diplomat,SFSS,,milpress_mentioner,81140b59b26ff0366a0fbdf3ed1681da,milpress_mentioner__81140b59b26ff0366a0fbdf3ed1681da
kyunghyang,Kyunghyang,kyunghyang,Diplomat,Kyunghyang,,milpress_mentioner,d4426f36f2389a7c2ce44481f2944d13,milpress_mentioner__d4426f36f2389a7c2ce44481f2944d13
accimtsrilanka,Arthur C. Clarke Insitute for Modern Technologies,arthurcclarkeinsituteformoderntechnologies,space,Arthur C. Clarke Insitute for Modern Technologies,,milpress_mentioner,0179711d66e8ebfc93de201dd0d75fcd,milpress_mentioner__0179711d66e8ebfc93de201dd0d75fcd
ioas_lk,"Institute of Astronomy, Sri Lanka","instituteofastronomy,srilanka",Person,"Institute of Astronomy, Sri Lanka",,milpress_mentioner,7717f5bcab806b61db7261fd14116873,milpress_mentioner__7717f5bcab806b61db7261fd14116873
africanexponent,The African Exponent,theafricanexponent,Consulates,The African Exponent,,milpress_mentioner,749e73a6885ede7901bcdd52b3e73ee5,milpress_mentioner__749e73a6885ede7901bcdd52b3e73ee5
spaceatch,SpaceWatchGL,spacewatchgl,Legislator,SpaceWatchGL,,milpress_mentioner,769aed16fded84d190b67990d5cd0bbc,milpress_mentioner__769aed16fded84d190b67990d5cd0bbc
ukrainespace,Space Logistics Ukraine,spacelogisticsukraine,Refinery,Space Logistics Ukraine,,milpress_mentioner,c8ae7bd704fbb28030db3f3e53cf6198,milpress_mentioner__c8ae7bd704fbb28030db3f3e53cf6198
arabianaeronews,Arabian Aerospace,arabianaerospace,Shipping,Arabian Aerospace,,milpress_mentioner,2c5dfa0a26a39f097b99c1e6f2a6cbb8,milpress_mentioner__2c5dfa0a26a39f097b99c1e6f2a6cbb8
uaespaceagency,UAE Space Agency,uaesa,Diplomat,UAE Space Agency,,milpress_mentioner,6647747435014495aaeb878867c2051e,milpress_mentioner__6647747435014495aaeb878867c2051e
physorg_com,Phys Org,physorg,CompanyKeyword,Phys Org,,milpress_mentioner,ee88e3bc6e9a521805b1b17c1d904db2,milpress_mentioner__ee88e3bc6e9a521805b1b17c1d904db2
americaspace,America Space,americaspace,Wells,America Space,,milpress_mentioner,72c01649086e9e4260ad001d226bc9ac,milpress_mentioner__72c01649086e9e4260ad001d226bc9ac
nbcnewsscience,NBC Science,nbcscience,LegislativeCommittee,NBC Science,,milpress_mentioner,c06a4267339bc63dbf68d37f72fb33f8,milpress_mentioner__c06a4267339bc63dbf68d37f72fb33f8
space,Space Science and Robots,spacescienceandrobots,ForeignMinister,Space Science and Robots,,milpress_mentioner,9f8afdb51b8f706dffeba6a55244a62f,milpress_mentioner__9f8afdb51b8f706dffeba6a55244a62f
thespaceres,The Space Resource,thespaceresource,DiplomaticFacilities,The Space Resource,,milpress_mentioner,89f19255d3e97bb26e5299813cb363c6,milpress_mentioner__89f19255d3e97bb26e5299813cb363c6
spacenews_inc,Space News,spacenews,FTO,Space News,,milpress_mentioner,9e2ee47a444ed40a2bf3ff51bea035dc,milpress_mentioner__9e2ee47a444ed40a2bf3ff51bea035dc
intelligentaero,Intelligent Aerospace,intelligentaerospace,Pipeline,Intelligent Aerospace,,milpress_mentioner,ffb2dbbb25eb1b1e2ec3e187ef51b28c,milpress_mentioner__ffb2dbbb25eb1b1e2ec3e187ef51b28c
gizmodo,Gizmodo,gizmodo,ForeignMinister,Gizmodo,,milpress_mentioner,c469dfb502336532e432fae14fcbfa42,milpress_mentioner__c469dfb502336532e432fae14fcbfa42
defensepost,The Defense Post,thedefensepost,FTO,The Defense Post,,milpress_mentioner,da7501a6f149b0c9eb74607e942877f3,milpress_mentioner__da7501a6f149b0c9eb74607e942877f3
milaero,Military and Aerospace Electronics,militaryandaerospaceelectronics,Media,Military and Aerospace Electronics,,milpress_mentioner,dd9aabd2537450c05a661d555c931b25,milpress_mentioner__dd9aabd2537450c05a661d555c931b25
spaceflightins,Space Flight Insider,spaceflightinsider,ForeignMinistry,Space Flight Insider,,milpress_mentioner,b9ce862abd8b40f185fb39c8e0816dd2,milpress_mentioner__b9ce862abd8b40f185fb39c8e0816dd2
spaceflightnow,Space Flight Now,spaceflightnow,IndustryTerm,Space Flight Now,,milpress_mentioner,52cd5d4770f1f0c8d2a06b44dcb1a0e9,milpress_mentioner__52cd5d4770f1f0c8d2a06b44dcb1a0e9
astronomymag,Astronomy Magazine,astronomymagazine,LegislativeCommittee,Astronomy Magazine,,milpress_mentioner,6def5b74b7c2112c276d20cd6a4e089c,milpress_mentioner__6def5b74b7c2112c276d20cd6a4e089c
spacenews360,Space News 360,spacenews360,Media,Space News 360,,milpress_mentioner,af1c11b978a84261a7530842a09d3d6f,milpress_mentioner__af1c11b978a84261a7530842a09d3d6f
spacedotcom,Space.com,spacecom,LegislativeCommittee,Space.com,,milpress_mentioner,ba2fb88a66bfc38be01191e537ede7f8,milpress_mentioner__ba2fb88a66bfc38be01191e537ede7f8
pdbes,Space Intel Report,spaceintelreport,FTO,Space Intel Report,,milpress_mentioner,2b33b8f4e5cf7c71a031c7fa56fe2ce7,milpress_mentioner__2b33b8f4e5cf7c71a031c7fa56fe2ce7
scitechdaily1,SciTechDaily,scitechdaily,space,SciTechDaily,,milpress_mentioner,3b2599092a5dab17d039a9e9aeef3fe0,milpress_mentioner__3b2599092a5dab17d039a9e9aeef3fe0
arstechnica,Ars Technica,arstechnica,Exec,Ars Technica,,milpress_mentioner,de63cf00f347db6f58b61190c98719f6,milpress_mentioner__de63cf00f347db6f58b61190c98719f6
spacetoday,Spacetoday.net,spacetodaynet,Legislator,Spacetoday.net,,milpress_mentioner,3287f1490d40f97ac335f9b91acb1899,milpress_mentioner__3287f1490d40f97ac335f9b91acb1899
kacific,Kacific Broadband Satellites Group,kacificbroadbandsatellitesgroup,FTO,Kacific Broadband Satellites Group,,milpress_mentioner,71ef7626321b62ab3548cedcac976c5c,milpress_mentioner__71ef7626321b62ab3548cedcac976c5c
abae_ve,Venezuelan Bolivarian Space Activities Agency,venezuelanbolivarianspaceactivitiesagency,ForeignMinister,Venezuelan Bolivarian Space Activities Agency,,milpress_mentioner,d3793949c837737b713a69495690f546,milpress_mentioner__d3793949c837737b713a69495690f546
techzim,Techzim,techzim,DiplomaticFacilities,Techzim,,milpress_mentioner,4fc6ef272038036ef452c03daf24f3af,milpress_mentioner__4fc6ef272038036ef452c03daf24f3af
telonezw,TelOne,telone,Organization,TelOne,,milpress_mentioner,bc7d89cf343cc8cb52053ef1a83cf9a2,milpress_mentioner__bc7d89cf343cc8cb52053ef1a83cf9a2